Lights1 yume__615006_lights = gdSPDefLights1(
	0x7F, 0x7F, 0x7F,
	0xFF, 0xFF, 0xFF, 0x49, 0x49, 0x49);

Lights1 yume__611034_lights = gdSPDefLights1(
	0x7F, 0x7F, 0x7F,
	0xFF, 0xFF, 0xFF, 0x49, 0x49, 0x49);

Lights1 yume__611025_lights = gdSPDefLights1(
	0x7F, 0x7F, 0x7F,
	0xFF, 0xFF, 0xFF, 0x49, 0x49, 0x49);

Lights1 yume__615008_lights = gdSPDefLights1(
	0x7F, 0x7F, 0x7F,
	0xFF, 0xFF, 0xFF, 0x49, 0x49, 0x49);

Lights1 yume__615005_lights = gdSPDefLights1(
	0x7F, 0x7F, 0x7F,
	0xFF, 0xFF, 0xFF, 0x49, 0x49, 0x49);

Lights1 yume__611030_lights = gdSPDefLights1(
	0x7F, 0x7F, 0x7F,
	0xFF, 0xFF, 0xFF, 0x49, 0x49, 0x49);

Gfx yume__615006_ci8_aligner[] = {gsSPEndDisplayList()};
u8 yume__615006_ci8[] = {
	0x00, 0x00, 0x01, 0x02, 0x02, 0x02, 0x01, 0x02, 
	0x03, 0x04, 0x04, 0x04, 0x05, 0x06, 0x06, 0x02, 
	0x02, 0x02, 0x02, 0x02, 0x07, 0x08, 0x07, 0x08, 
	0x01, 0x02, 0x02, 0x01, 0x08, 0x02, 0x08, 0x08, 
	0x00, 0x01, 0x00, 0x01, 0x02, 0x00, 0x02, 0x01, 
	0x04, 0x04, 0x04, 0x03, 0x00, 0x06, 0x02, 0x00, 
	0x02, 0x02, 0x01, 0x00, 0x08, 0x06, 0x08, 0x08, 
	0x02, 0x01, 0x02, 0x01, 0x08, 0x08, 0x08, 0x02, 
	0x01, 0x02, 0x01, 0x02, 0x02, 0x00, 0x01, 0x01, 
	0x03, 0x03, 0x03, 0x04, 0x00, 0x06, 0x06, 0x00, 
	0x02, 0x01, 0x00, 0x01, 0x06, 0x08, 0x06, 0x08, 
	0x01, 0x02, 0x00, 0x00, 0x02, 0x02, 0x02, 0x02, 
	0x00, 0x02, 0x02, 0x02, 0x01, 0x01, 0x02, 0x01, 
	0x04, 0x03, 0x00, 0x04, 0x06, 0x06, 0x00, 0x00, 
	0x01, 0x02, 0x02, 0x02, 0x06, 0x08, 0x08, 0x06, 
	0x02, 0x02, 0x01, 0x00, 0x02, 0x08, 0x08, 0x02, 
	0x09, 0x09, 0x0a, 0x09, 0x01, 0x00, 0x02, 0x01, 
	0x02, 0x02, 0x01, 0x01, 0x02, 0x02, 0x02, 0x02, 
	0x06, 0x08, 0x08, 0x08, 0x07, 0x04, 0x04, 0x02, 
	0x04, 0x00, 0x03, 0x03, 0x06, 0x08, 0x06, 0x08, 
	0x09, 0x0a, 0x0a, 0x09, 0x02, 0x02, 0x02, 0x02, 
	0x02, 0x02, 0x02, 0x01, 0x02, 0x02, 0x02, 0x0b, 
	0x08, 0x08, 0x06, 0x08, 0x0c, 0x04, 0x02, 0x04, 
	0x04, 0x03, 0x03, 0x04, 0x08, 0x08, 0x08, 0x08, 
	0x09, 0x09, 0x09, 0x0a, 0x00, 0x01, 0x02, 0x02, 
	0x01, 0x00, 0x00, 0x02, 0x0b, 0x0b, 0x02, 0x0b, 
	0x06, 0x06, 0x07, 0x08, 0x02, 0x04, 0x0c, 0x04, 
	0x03, 0x03, 0x03, 0x03, 0x08, 0x06, 0x08, 0x08, 
	0x0a, 0x09, 0x0a, 0x0a, 0x01, 0x01, 0x02, 0x02, 
	0x00, 0x00, 0x02, 0x02, 0x0b, 0x0b, 0x02, 0x02, 
	0x08, 0x08, 0x08, 0x06, 0x0c, 0x0c, 0x07, 0x0c, 
	0x04, 0x00, 0x03, 0x04, 0x08, 0x08, 0x08, 0x08, 
	0x06, 0x06, 0x06, 0x06, 0x02, 0x02, 0x02, 0x08, 
	0x00, 0x02, 0x02, 0x01, 0x00, 0x01, 0x01, 0x00, 
	0x0b, 0x02, 0x02, 0x02, 0x0d, 0x08, 0x06, 0x06, 
	0x02, 0x02, 0x00, 0x02, 0x03, 0x03, 0x04, 0x04, 
	0x06, 0x06, 0x08, 0x06, 0x02, 0x02, 0x08, 0x08, 
	0x02, 0x02, 0x02, 0x02, 0x01, 0x02, 0x02, 0x01, 
	0x0b, 0x0b, 0x02, 0x02, 0x08, 0x06, 0x08, 0x06, 
	0x02, 0x01, 0x01, 0x02, 0x00, 0x00, 0x03, 0x03, 
	0x08, 0x08, 0x06, 0x0b, 0x02, 0x08, 0x02, 0x02, 
	0x01, 0x02, 0x01, 0x02, 0x02, 0x02, 0x02, 0x02, 
	0x0b, 0x0b, 0x0b, 0x02, 0x06, 0x08, 0x06, 0x06, 
	0x02, 0x02, 0x01, 0x01, 0x04, 0x04, 0x00, 0x03, 
	0x06, 0x06, 0x08, 0x0b, 0x08, 0x08, 0x02, 0x02, 
	0x01, 0x02, 0x01, 0x01, 0x01, 0x02, 0x02, 0x01, 
	0x0b, 0x0b, 0x02, 0x02, 0x06, 0x08, 0x06, 0x08, 
	0x02, 0x02, 0x02, 0x01, 0x04, 0x04, 0x04, 0x03, 
	0x07, 0x04, 0x04, 0x04, 0x04, 0x0c, 0x0e, 0x02, 
	0x04, 0x00, 0x04, 0x04, 0x00, 0x06, 0x06, 0x06, 
	0x00, 0x00, 0x01, 0x01, 0x06, 0x06, 0x06, 0x06, 
	0x08, 0x08, 0x06, 0x06, 0x04, 0x02, 0x04, 0x07, 
	0x04, 0x04, 0x0c, 0x04, 0x04, 0x0c, 0x0e, 0x0c, 
	0x03, 0x04, 0x03, 0x03, 0x06, 0x06, 0x00, 0x06, 
	0x02, 0x00, 0x00, 0x01, 0x06, 0x06, 0x06, 0x06, 
	0x08, 0x06, 0x08, 0x06, 0x04, 0x04, 0x02, 0x04, 
	0x0c, 0x02, 0x02, 0x04, 0x0c, 0x0e, 0x04, 0x02, 
	0x04, 0x04, 0x04, 0x04, 0x06, 0x06, 0x00, 0x00, 
	0x00, 0x01, 0x01, 0x01, 0x00, 0x06, 0x06, 0x00, 
	0x0b, 0x08, 0x08, 0x08, 0x04, 0x07, 0x04, 0x02, 
	0x0c, 0x02, 0x0c, 0x07, 0x0e, 0x04, 0x04, 0x0c, 
	0x00, 0x03, 0x04, 0x03, 0x06, 0x06, 0x06, 0x00, 
	0x00, 0x01, 0x02, 0x01, 0x00, 0x06, 0x06, 0x06, 
	0x06, 0x06, 0x06, 0x0b, 0x04, 0x07, 0x04, 0x02, 
	0x03, 0x04, 0x04, 0x04, 0x02, 0x02, 0x02, 0x01, 
	0x02, 0x02, 0x02, 0x02, 0x02, 0x02, 0x0b, 0x0b, 
	0x07, 0x08, 0x06, 0x08, 0x02, 0x02, 0x00, 0x00, 
	0x08, 0x08, 0x08, 0x06, 0x0a, 0x0a, 0x09, 0x0b, 
	0x00, 0x04, 0x04, 0x04, 0x02, 0x01, 0x00, 0x00, 
	0x02, 0x01, 0x00, 0x01, 0x02, 0x02, 0x0b, 0x0b, 
	0x08, 0x08, 0x06, 0x08, 0x02, 0x02, 0x01, 0x02, 
	0x06, 0x06, 0x06, 0x06, 0x0a, 0x0a, 0x0a, 0x09, 
	0x00, 0x04, 0x04, 0x03, 0x00, 0x02, 0x02, 0x02, 
	0x00, 0x00, 0x01, 0x02, 0x02, 0x0b, 0x0b, 0x02, 
	0x08, 0x08, 0x08, 0x06, 0x02, 0x01, 0x02, 0x02, 
	0x06, 0x06, 0x0b, 0x06, 0x0b, 0x09, 0x09, 0x0a, 
	0x03, 0x04, 0x04, 0x04, 0x00, 0x02, 0x02, 0x02, 
	0x01, 0x01, 0x02, 0x02, 0x02, 0x02, 0x02, 0x0b, 
	0x08, 0x06, 0x06, 0x06, 0x01, 0x02, 0x02, 0x02, 
	0x06, 0x06, 0x0b, 0x08, 0x0a, 0x09, 0x09, 0x0a, 
	0x01, 0x01, 0x00, 0x02, 0x06, 0x08, 0x08, 0x08, 
	0x06, 0x08, 0x08, 0x06, 0x02, 0x02, 0x02, 0x01, 
	0x0b, 0x06, 0x0a, 0x0a, 0x00, 0x03, 0x03, 0x04, 
	0x08, 0x08, 0x08, 0x08, 0x09, 0x0b, 0x0a, 0x0a, 
	0x01, 0x01, 0x00, 0x02, 0x06, 0x08, 0x06, 0x08, 
	0x08, 0x08, 0x06, 0x08, 0x01, 0x00, 0x01, 0x02, 
	0x0b, 0x06, 0x06, 0x06, 0x04, 0x04, 0x04, 0x03, 
	0x06, 0x08, 0x08, 0x06, 0x0a, 0x0a, 0x0a, 0x09, 
	0x02, 0x02, 0x02, 0x01, 0x08, 0x08, 0x06, 0x06, 
	0x08, 0x06, 0x0f, 0x06, 0x02, 0x02, 0x02, 0x00, 
	0x0a, 0x06, 0x0b, 0x06, 0x00, 0x00, 0x04, 0x04, 
	0x08, 0x08, 0x08, 0x08, 0x09, 0x0a, 0x0a, 0x0a, 
	0x02, 0x02, 0x02, 0x01, 0x08, 0x06, 0x08, 0x06, 
	0x08, 0x08, 0x08, 0x08, 0x02, 0x01, 0x02, 0x01, 
	0x0a, 0x10, 0x10, 0x0b, 0x03, 0x00, 0x04, 0x03, 
	0x08, 0x08, 0x06, 0x08, 0x0b, 0x0a, 0x0a, 0x0a, 
	0x01, 0x01, 0x02, 0x02, 0x02, 0x02, 0x01, 0x0b, 
	0x0e, 0x0c, 0x02, 0x0e, 0x02, 0x02, 0x02, 0x02, 
	0x0b, 0x08, 0x0b, 0x08, 0x0a, 0x0b, 0x09, 0x0b, 
	0x08, 0x0b, 0x08, 0x06, 0x02, 0x00, 0x00, 0x01, 
	0x01, 0x01, 0x00, 0x02, 0x02, 0x02, 0x02, 0x02, 
	0x02, 0x04, 0x04, 0x04, 0x00, 0x02, 0x02, 0x02, 
	0x08, 0x0b, 0x06, 0x08, 0x09, 0x0b, 0x0a, 0x0b, 
	0x06, 0x08, 0x06, 0x08, 0x02, 0x02, 0x01, 0x01, 
	0x01, 0x02, 0x01, 0x02, 0x02, 0x01, 0x02, 0x02, 
	0x0c, 0x0c, 0x0c, 0x0c, 0x02, 0x02, 0x02, 0x02, 
	0x0b, 0x08, 0x08, 0x06, 0x0a, 0x0a, 0x09, 0x09, 
	0x0b, 0x08, 0x08, 0x06, 0x01, 0x02, 0x01, 0x02, 
	0x01, 0x01, 0x01, 0x02, 0x0b, 0x0b, 0x02, 0x01, 
	0x04, 0x0c, 0x0c, 0x0c, 0x01, 0x01, 0x01, 0x02, 
	0x08, 0x08, 0x06, 0x06, 0x0a, 0x0a, 0x09, 0x09, 
	0x08, 0x06, 0x06, 0x06, 0x01, 0x01, 0x00, 0x02, 
	0x01, 0x00, 0x00, 0x01, 0x01, 0x02, 0x01, 0x02, 
	0x04, 0x00, 0x00, 0x03, 0x04, 0x04, 0x0e, 0x0c, 
	0x02, 0x02, 0x00, 0x00, 0x09, 0x0a, 0x09, 0x09, 
	0x02, 0x02, 0x0b, 0x04, 0x0c, 0x0c, 0x0e, 0x0e, 
	0x01, 0x00, 0x01, 0x02, 0x00, 0x01, 0x01, 0x02, 
	0x04, 0x03, 0x00, 0x03, 0x02, 0x04, 0x04, 0x0c, 
	0x01, 0x02, 0x02, 0x01, 0x0b, 0x09, 0x0a, 0x09, 
	0x0b, 0x04, 0x0b, 0x04, 0x04, 0x04, 0x0e, 0x0c, 
	0x02, 0x02, 0x02, 0x01, 0x00, 0x01, 0x02, 0x01, 
	0x03, 0x03, 0x03, 0x03, 0x02, 0x04, 0x02, 0x02, 
	0x02, 0x02, 0x02, 0x02, 0x09, 0x0b, 0x0a, 0x0a, 
	0x0b, 0x04, 0x0b, 0x0b, 0x04, 0x04, 0x0e, 0x0c, 
	0x01, 0x02, 0x02, 0x00, 0x01, 0x02, 0x02, 0x02, 
	0x00, 0x04, 0x04, 0x03, 0x0e, 0x0c, 0x04, 0x04, 
	0x02, 0x01, 0x01, 0x01, 0x09, 0x0a, 0x0a, 0x0a, 
	0x04, 0x04, 0x04, 0x02, 0x02, 0x02, 0x0e, 0x04, 
	
};

Gfx yume__615006_pal_rgba16_aligner[] = {gsSPEndDisplayList()};
u8 yume__615006_pal_rgba16[] = {
	0xe7, 0x79, 0xf7, 0x7d, 0xf7, 0xbd, 0xf7, 0x7b, 
	0xf7, 0xbb, 0xdf, 0x37, 0xef, 0xbb, 0xe7, 0x37, 
	0xef, 0x7b, 0xef, 0x7d, 0xef, 0xbd, 0xef, 0x79, 
	0xf7, 0x79, 0xef, 0x37, 0xe7, 0x77, 0xe7, 0x39, 
	0xef, 0x77, 
};

Gfx yume_611034_ci4_aligner[] = {gsSPEndDisplayList()};
u8 yume_611034_ci4[] = {
	0x00, 0x10, 0x22, 0x22, 0x11, 0x10, 0x00, 0x01, 
	0x22, 0x22, 0x22, 0x22, 0x22, 0x22, 0x10, 0x01, 
	0x10, 0x01, 0x32, 0x22, 0x11, 0x10, 0x00, 0x00, 
	0x14, 0x21, 0x22, 0x24, 0x41, 0x22, 0x10, 0x01, 
	0x11, 0x00, 0x22, 0x22, 0x01, 0x10, 0x14, 0x10, 
	0x22, 0x21, 0x21, 0x22, 0x22, 0x22, 0x11, 0x10, 
	0x01, 0x00, 0x32, 0x23, 0x01, 0x10, 0x00, 0x10, 
	0x22, 0x22, 0x21, 0x22, 0x22, 0x22, 0x11, 0x00, 
	0x42, 0x22, 0x10, 0x01, 0x22, 0x22, 0x22, 0x23, 
	0x10, 0x00, 0x22, 0x41, 0x42, 0x22, 0x22, 0x24, 
	0x22, 0x12, 0x11, 0x01, 0x22, 0x32, 0x22, 0x22, 
	0x10, 0x11, 0x22, 0x22, 0x22, 0x22, 0x22, 0x22, 
	0x22, 0x22, 0x10, 0x01, 0x23, 0x22, 0x22, 0x22, 
	0x00, 0x11, 0x22, 0x22, 0x11, 0x22, 0x22, 0x22, 
	0x22, 0x22, 0x11, 0x01, 0x22, 0x22, 0x32, 0x22, 
	0x01, 0x00, 0x22, 0x22, 0x22, 0x22, 0x41, 0x22, 
	0x22, 0x23, 0x22, 0x22, 0x22, 0x22, 0x22, 0x22, 
	0x22, 0x21, 0x32, 0x22, 0x00, 0x11, 0x32, 0x22, 
	0x22, 0x22, 0x22, 0x23, 0x22, 0x22, 0x24, 0x22, 
	0x12, 0x21, 0x23, 0x22, 0x10, 0x01, 0x22, 0x22, 
	0x22, 0x22, 0x32, 0x22, 0x32, 0x22, 0x22, 0x22, 
	0x22, 0x12, 0x22, 0x22, 0x11, 0x01, 0x22, 0x22, 
	0x22, 0x22, 0x22, 0x22, 0x22, 0x22, 0x21, 0x22, 
	0x22, 0x24, 0x22, 0x22, 0x11, 0x01, 0x23, 0x22, 
	0x00, 0x00, 0x22, 0x23, 0x22, 0x22, 0x10, 0x00, 
	0x01, 0x01, 0x22, 0x42, 0x22, 0x22, 0x10, 0x00, 
	0x00, 0x00, 0x22, 0x22, 0x32, 0x23, 0x10, 0x10, 
	0x10, 0x10, 0x22, 0x22, 0x22, 0x22, 0x00, 0x11, 
	0x00, 0x05, 0x22, 0x22, 0x22, 0x22, 0x10, 0x11, 
	0x01, 0x11, 0x22, 0x12, 0x22, 0x22, 0x01, 0x01, 
	0x00, 0x00, 0x22, 0x22, 0x22, 0x22, 0x10, 0x01, 
	0x01, 0x11, 0x12, 0x22, 0x33, 0x22, 0x01, 0x00, 
	0x00, 0x00, 0x11, 0x10, 0x66, 0x66, 0x11, 0x00, 
	0x00, 0x01, 0x12, 0x02, 0x10, 0x11, 0x22, 0x22, 
	0x00, 0x00, 0x01, 0x10, 0x66, 0x66, 0x10, 0x10, 
	0x10, 0x01, 0x10, 0x20, 0x01, 0x00, 0x22, 0x21, 
	0x00, 0x00, 0x01, 0x10, 0x66, 0x78, 0x00, 0x11, 
	0x10, 0x01, 0x20, 0x00, 0x10, 0x01, 0x21, 0x22, 
	0x00, 0x00, 0x11, 0x01, 0x76, 0x66, 0x11, 0x01, 
	0x10, 0x01, 0x20, 0x10, 0x00, 0x00, 0x21, 0x12, 
	0x23, 0x22, 0x22, 0x22, 0x42, 0x12, 0x21, 0x22, 
	0x10, 0x00, 0x10, 0x10, 0x22, 0x23, 0x01, 0x11, 
	0x23, 0x22, 0x22, 0x22, 0x21, 0x22, 0x42, 0x22, 
	0x22, 0x02, 0x00, 0x10, 0x22, 0x23, 0x01, 0x01, 
	0x23, 0x22, 0x22, 0x23, 0x22, 0x22, 0x21, 0x22, 
	0x02, 0x02, 0x01, 0x01, 0x22, 0x22, 0x01, 0x00, 
	0x23, 0x22, 0x23, 0x22, 0x22, 0x22, 0x22, 0x22, 
	0x20, 0x22, 0x01, 0x10, 0x23, 0x23, 0x11, 0x00, 
	0x22, 0x22, 0x10, 0x00, 0x22, 0x22, 0x10, 0x10, 
	0x22, 0x22, 0x22, 0x22, 0x00, 0x10, 0x01, 0x00, 
	0x22, 0x22, 0x01, 0x10, 0x22, 0x23, 0x10, 0x01, 
	0x42, 0x12, 0x32, 0x32, 0x10, 0x01, 0x01, 0x01, 
	0x22, 0x23, 0x10, 0x01, 0x32, 0x23, 0x11, 0x11, 
	0x22, 0x22, 0x22, 0x22, 0x01, 0x01, 0x01, 0x10, 
	0x22, 0x23, 0x10, 0x10, 0x22, 0x22, 0x01, 0x00, 
	0x21, 0x22, 0x22, 0x22, 0x00, 0x00, 0x11, 0x01, 
	0x01, 0x10, 0x22, 0x24, 0x12, 0x00, 0x22, 0x22, 
	0x00, 0x00, 0x22, 0x22, 0x14, 0x22, 0x24, 0x22, 
	0x10, 0x01, 0x22, 0x22, 0x21, 0x00, 0x22, 0x22, 
	0x00, 0x00, 0x22, 0x22, 0x22, 0x22, 0x22, 0x22, 
	0x11, 0x01, 0x22, 0x22, 0x02, 0x01, 0x22, 0x22, 
	0x00, 0x00, 0x32, 0x22, 0x21, 0x22, 0x21, 0x22, 
	0x01, 0x00, 0x12, 0x22, 0x22, 0x02, 0x22, 0x32, 
	0x00, 0x00, 0x22, 0x22, 0x22, 0x22, 0x12, 0x22, 
	
};

Gfx yume_611034_pal_rgba16_aligner[] = {gsSPEndDisplayList()};
u8 yume_611034_pal_rgba16[] = {
	0xa4, 0xd9, 0xad, 0x19, 0xac, 0xd9, 0x9c, 0xd9, 
	0x9c, 0x99, 0xa4, 0x99, 0xac, 0xdb, 0x9c, 0x97, 
	0xad, 0x1b, 
};

Gfx yume__6110252_16_ci4_aligner[] = {gsSPEndDisplayList()};
u8 yume__6110252_16_ci4[] = {
	0x00, 0x00, 0x00, 0x00, 0x00, 0x00, 0x00, 0x00, 
	0x00, 0x00, 0x00, 0x00, 0x00, 0x00, 0x00, 0x00, 
	0x00, 0x00, 0x00, 0x00, 0x00, 0x00, 0x00, 0x00, 
	0x00, 0x00, 0x00, 0x00, 0x00, 0x00, 0x00, 0x00, 
	0x00, 0x00, 0x00, 0x00, 0x00, 0x00, 0x00, 0x00, 
	0x00, 0x00, 0x00, 0x00, 0x00, 0x00, 0x00, 0x00, 
	0x00, 0x00, 0x00, 0x00, 0x00, 0x00, 0x00, 0x00, 
	0x00, 0x00, 0x00, 0x00, 0x00, 0x00, 0x00, 0x00, 
	0x00, 0x00, 0x00, 0x00, 0x00, 0x00, 0x00, 0x00, 
	0x00, 0x00, 0x00, 0x00, 0x00, 0x00, 0x00, 0x00, 
	0x00, 0x00, 0x00, 0x00, 0x00, 0x00, 0x00, 0x00, 
	0x00, 0x00, 0x00, 0x00, 0x00, 0x00, 0x00, 0x00, 
	0x00, 0x00, 0x00, 0x00, 0x00, 0x00, 0x00, 0x00, 
	0x00, 0x00, 0x00, 0x00, 0x00, 0x00, 0x00, 0x00, 
	0x00, 0x00, 0x00, 0x00, 0x00, 0x00, 0x00, 0x00, 
	0x00, 0x00, 0x00, 0x00, 0x00, 0x00, 0x00, 0x00, 
	0x00, 0x00, 0x00, 0x00, 0x00, 0x00, 0x00, 0x00, 
	0x00, 0x00, 0x00, 0x00, 0x00, 0x00, 0x00, 0x00, 
	0x00, 0x00, 0x00, 0x00, 0x00, 0x00, 0x00, 0x00, 
	0x00, 0x00, 0x00, 0x00, 0x00, 0x00, 0x00, 0x00, 
	0x00, 0x00, 0x00, 0x00, 0x00, 0x00, 0x00, 0x00, 
	0x00, 0x00, 0x00, 0x00, 0x00, 0x00, 0x00, 0x00, 
	0x00, 0x00, 0x00, 0x00, 0x00, 0x00, 0x00, 0x00, 
	0x00, 0x00, 0x00, 0x00, 0x00, 0x00, 0x00, 0x00, 
	0x00, 0x00, 0x00, 0x00, 0x00, 0x00, 0x00, 0x00, 
	0x00, 0x00, 0x00, 0x00, 0x00, 0x00, 0x00, 0x00, 
	0x00, 0x00, 0x00, 0x00, 0x00, 0x00, 0x00, 0x00, 
	0x00, 0x00, 0x00, 0x00, 0x00, 0x00, 0x00, 0x00, 
	0x00, 0x00, 0x00, 0x00, 0x00, 0x00, 0x00, 0x00, 
	0x00, 0x00, 0x00, 0x00, 0x00, 0x00, 0x00, 0x00, 
	0x00, 0x00, 0x00, 0x00, 0x00, 0x00, 0x00, 0x00, 
	0x00, 0x00, 0x00, 0x00, 0x00, 0x00, 0x00, 0x00, 
	0x00, 0x00, 0x00, 0x00, 0x00, 0x00, 0x00, 0x00, 
	0x00, 0x00, 0x00, 0x00, 0x00, 0x00, 0x00, 0x00, 
	0x00, 0x00, 0x00, 0x00, 0x00, 0x00, 0x00, 0x00, 
	0x00, 0x00, 0x00, 0x00, 0x00, 0x00, 0x00, 0x00, 
	0x00, 0x00, 0x00, 0x00, 0x00, 0x00, 0x00, 0x00, 
	0x00, 0x00, 0x00, 0x00, 0x00, 0x00, 0x00, 0x00, 
	0x00, 0x00, 0x00, 0x00, 0x00, 0x00, 0x00, 0x00, 
	0x00, 0x00, 0x00, 0x00, 0x00, 0x00, 0x00, 0x00, 
	0x00, 0x00, 0x00, 0x00, 0x00, 0x00, 0x00, 0x00, 
	0x00, 0x00, 0x00, 0x00, 0x00, 0x00, 0x00, 0x00, 
	0x00, 0x00, 0x00, 0x00, 0x00, 0x00, 0x00, 0x00, 
	0x00, 0x00, 0x00, 0x00, 0x00, 0x00, 0x00, 0x00, 
	0x00, 0x00, 0x00, 0x00, 0x00, 0x00, 0x00, 0x00, 
	0x00, 0x00, 0x00, 0x00, 0x00, 0x00, 0x00, 0x00, 
	0x00, 0x00, 0x00, 0x00, 0x00, 0x00, 0x00, 0x00, 
	0x00, 0x00, 0x00, 0x00, 0x00, 0x00, 0x00, 0x00, 
	0x00, 0x00, 0x00, 0x00, 0x00, 0x00, 0x00, 0x00, 
	0x00, 0x00, 0x00, 0x00, 0x00, 0x00, 0x00, 0x00, 
	0x00, 0x00, 0x00, 0x00, 0x00, 0x00, 0x00, 0x00, 
	0x00, 0x00, 0x00, 0x00, 0x00, 0x00, 0x00, 0x00, 
	0x00, 0x00, 0x00, 0x00, 0x00, 0x00, 0x00, 0x00, 
	0x00, 0x00, 0x00, 0x00, 0x00, 0x00, 0x00, 0x00, 
	0x00, 0x00, 0x00, 0x00, 0x00, 0x00, 0x00, 0x00, 
	0x00, 0x00, 0x00, 0x00, 0x00, 0x00, 0x00, 0x00, 
	0x00, 0x00, 0x00, 0x00, 0x00, 0x00, 0x00, 0x00, 
	0x00, 0x00, 0x00, 0x00, 0x00, 0x00, 0x00, 0x00, 
	0x00, 0x00, 0x00, 0x00, 0x00, 0x00, 0x00, 0x00, 
	0x00, 0x00, 0x00, 0x00, 0x00, 0x00, 0x00, 0x00, 
	0x00, 0x00, 0x00, 0x00, 0x00, 0x00, 0x00, 0x00, 
	0x00, 0x00, 0x00, 0x00, 0x00, 0x00, 0x00, 0x00, 
	0x00, 0x00, 0x00, 0x00, 0x00, 0x00, 0x00, 0x00, 
	0x00, 0x00, 0x00, 0x00, 0x00, 0x00, 0x00, 0x00, 
	0x00, 0x00, 0x00, 0x00, 0x00, 0x00, 0x00, 0x00, 
	0x00, 0x00, 0x00, 0x00, 0x00, 0x00, 0x00, 0x00, 
	0x00, 0x00, 0x00, 0x00, 0x00, 0x00, 0x00, 0x00, 
	0x00, 0x00, 0x00, 0x00, 0x00, 0x00, 0x00, 0x00, 
	0x00, 0x00, 0x00, 0x00, 0x00, 0x00, 0x00, 0x00, 
	0x00, 0x00, 0x00, 0x00, 0x00, 0x00, 0x00, 0x00, 
	0x00, 0x00, 0x00, 0x00, 0x00, 0x00, 0x00, 0x00, 
	0x00, 0x00, 0x00, 0x00, 0x00, 0x00, 0x00, 0x00, 
	0x00, 0x00, 0x00, 0x00, 0x00, 0x00, 0x00, 0x00, 
	0x00, 0x00, 0x00, 0x00, 0x00, 0x00, 0x00, 0x00, 
	0x00, 0x00, 0x00, 0x00, 0x00, 0x00, 0x00, 0x00, 
	0x00, 0x00, 0x00, 0x00, 0x00, 0x00, 0x00, 0x00, 
	0x00, 0x00, 0x00, 0x00, 0x00, 0x00, 0x01, 0x11, 
	0x02, 0x22, 0x22, 0x01, 0x11, 0x00, 0x00, 0x00, 
	0x00, 0x00, 0x00, 0x11, 0x10, 0x22, 0x22, 0x20, 
	0x11, 0x10, 0x00, 0x00, 0x00, 0x00, 0x00, 0x00, 
	0x00, 0x00, 0x00, 0x00, 0x00, 0x01, 0x32, 0x45, 
	0x56, 0x66, 0x65, 0x57, 0x48, 0x11, 0x00, 0x00, 
	0x00, 0x00, 0x11, 0x84, 0x75, 0x56, 0x66, 0x65, 
	0x54, 0x23, 0x10, 0x00, 0x00, 0x00, 0x00, 0x00, 
	0x00, 0x00, 0x00, 0x00, 0x00, 0x13, 0x75, 0x66, 
	0x74, 0x31, 0x31, 0x47, 0x57, 0x42, 0x00, 0x00, 
	0x00, 0x00, 0x24, 0x75, 0x74, 0x13, 0x13, 0x87, 
	0x66, 0x57, 0x31, 0x00, 0x00, 0x00, 0x00, 0x00, 
	0x00, 0x00, 0x00, 0x00, 0x01, 0x05, 0x67, 0x03, 
	0x31, 0x00, 0x00, 0x13, 0x31, 0x42, 0x00, 0x00, 
	0x00, 0x00, 0x24, 0x13, 0x31, 0x00, 0x00, 0x13, 
	0x30, 0x76, 0x50, 0x10, 0x00, 0x00, 0x00, 0x00, 
	0x00, 0x00, 0x00, 0x00, 0x10, 0x55, 0x03, 0x10, 
	0x00, 0x00, 0x00, 0x00, 0x01, 0x11, 0x00, 0x00, 
	0x00, 0x00, 0x11, 0x10, 0x00, 0x00, 0x00, 0x00, 
	0x01, 0x30, 0x55, 0x01, 0x00, 0x00, 0x00, 0x00, 
	0x00, 0x00, 0x00, 0x00, 0x15, 0x51, 0x10, 0x00, 
	0x00, 0x00, 0x02, 0x22, 0x00, 0x00, 0x00, 0x00, 
	0x00, 0x00, 0x00, 0x00, 0x22, 0x20, 0x00, 0x00, 
	0x00, 0x01, 0x16, 0x51, 0x00, 0x00, 0x00, 0x00, 
	0x00, 0x00, 0x00, 0x01, 0x85, 0x01, 0x00, 0x00, 
	0x01, 0x11, 0x28, 0x88, 0x20, 0x00, 0x00, 0x00, 
	0x00, 0x00, 0x00, 0x02, 0x88, 0x82, 0x11, 0x10, 
	0x00, 0x00, 0x10, 0x54, 0x10, 0x00, 0x00, 0x00, 
	0x00, 0x00, 0x00, 0x03, 0x54, 0x10, 0x00, 0x01, 
	0x12, 0x22, 0x88, 0x88, 0x82, 0x00, 0x00, 0x00, 
	0x00, 0x00, 0x00, 0x28, 0x88, 0x88, 0x22, 0x21, 
	0x10, 0x00, 0x01, 0x85, 0x30, 0x00, 0x00, 0x00, 
	0x00, 0x00, 0x00, 0x14, 0x71, 0x00, 0x01, 0x28, 
	0x87, 0x77, 0x77, 0x88, 0x88, 0x20, 0x00, 0x00, 
	0x00, 0x00, 0x02, 0x88, 0x88, 0x77, 0x77, 0x78, 
	0x82, 0x10, 0x00, 0x17, 0x41, 0x00, 0x00, 0x00, 
	0x00, 0x00, 0x00, 0x37, 0x41, 0x00, 0x02, 0x47, 
	0x84, 0x48, 0x22, 0x78, 0x88, 0x82, 0x00, 0x00, 
	0x00, 0x00, 0x28, 0x88, 0x87, 0x22, 0x44, 0x48, 
	0x74, 0x20, 0x00, 0x14, 0x73, 0x00, 0x00, 0x00, 
	0x00, 0x00, 0x00, 0x12, 0x21, 0x10, 0x17, 0x87, 
	0x9a, 0xaa, 0x94, 0x18, 0x48, 0x82, 0x20, 0x00, 
	0x00, 0x02, 0x28, 0x84, 0x41, 0x79, 0xaa, 0xa9, 
	0x78, 0x71, 0x01, 0x12, 0x21, 0x00, 0x00, 0x00, 
	0x00, 0x00, 0x00, 0x01, 0x12, 0x41, 0x42, 0x6a, 
	0xaa, 0xaa, 0xaa, 0x71, 0x88, 0x88, 0x20, 0x00, 
	0x00, 0x02, 0x88, 0x88, 0x1b, 0xaa, 0xaa, 0xaa, 
	0xa6, 0x84, 0x34, 0x21, 0x10, 0x00, 0x00, 0x00, 
	0x00, 0x00, 0x00, 0x00, 0x01, 0x75, 0x46, 0xaa, 
	0x69, 0x9a, 0xaa, 0xa4, 0x12, 0x88, 0x20, 0x00, 
	0x00, 0x02, 0x88, 0x21, 0x4a, 0xaa, 0xa9, 0x96, 
	0xaa, 0x68, 0x57, 0x10, 0x00, 0x00, 0x00, 0x00, 
	0x00, 0x00, 0x00, 0x00, 0x02, 0x2b, 0x9a, 0xab, 
	0xbb, 0xc9, 0xaa, 0xa9, 0x20, 0x22, 0x20, 0x00, 
	0x00, 0x02, 0x22, 0x02, 0x9a, 0xaa, 0x9c, 0xbb, 
	0xb9, 0xa9, 0xb2, 0x20, 0x00, 0x00, 0x00, 0x00, 
	0x00, 0x00, 0x00, 0x00, 0x14, 0x54, 0x9a, 0xb3, 
	0x6c, 0xc9, 0xaa, 0x99, 0x60, 0x22, 0x00, 0x00, 
	0x00, 0x00, 0x22, 0x06, 0x99, 0xaa, 0x9c, 0xc6, 
	0x3b, 0xaa, 0x45, 0x41, 0x00, 0x00, 0x00, 0x00, 
	0x00, 0x00, 0x00, 0x00, 0x03, 0x49, 0xa9, 0xcc, 
	0x9c, 0xc9, 0xaa, 0x9b, 0xb0, 0x00, 0x00, 0x00, 
	0x00, 0x00, 0x00, 0x0b, 0xb9, 0xaa, 0x9c, 0xc9, 
	0xcc, 0x9a, 0x94, 0x30, 0x00, 0x00, 0x00, 0x00, 
	0x00, 0x00, 0x00, 0x00, 0x00, 0x36, 0xab, 0xcc, 
	0x96, 0x39, 0xaa, 0x6c, 0x10, 0x00, 0x00, 0x00, 
	0x00, 0x00, 0x00, 0x01, 0xc6, 0xaa, 0x93, 0x69, 
	0xcc, 0xba, 0x63, 0x00, 0x00, 0x00, 0x00, 0x00, 
	0x00, 0x00, 0x00, 0x00, 0x00, 0x14, 0xac, 0xcc, 
	0x9a, 0xaa, 0xaa, 0x6c, 0x00, 0x00, 0x00, 0x00, 
	0x00, 0x00, 0x00, 0x00, 0xc6, 0xaa, 0xaa, 0xa9, 
	0xcc, 0xca, 0x41, 0x00, 0x00, 0x00, 0x00, 0x00, 
	0x00, 0x00, 0x00, 0x00, 0x00, 0x03, 0x9c, 0xcc, 
	0x9a, 0xaa, 0xaa, 0x6c, 0x20, 0x00, 0x00, 0x00, 
	0x00, 0x00, 0x00, 0x02, 0xc6, 0xaa, 0xaa, 0xa9, 
	0xcc, 0xc9, 0x30, 0x00, 0x00, 0x00, 0x00, 0x00, 
	0x00, 0x00, 0x00, 0x00, 0x00, 0x00, 0x03, 0xcc, 
	0x9a, 0xaa, 0xaa, 0x5c, 0x20, 0x00, 0x00, 0x00, 
	0x00, 0x00, 0x00, 0x02, 0xc5, 0xaa, 0xaa, 0xa9, 
	0xcc, 0x30, 0x00, 0x00, 0x00, 0x00, 0x00, 0x00, 
	0x00, 0x00, 0x00, 0x00, 0x00, 0x00, 0x11, 0xcc, 
	0x9a, 0x9a, 0xa9, 0xb3, 0x00, 0x00, 0x00, 0x00, 
	0x00, 0x00, 0x00, 0x00, 0x35, 0x99, 0xaa, 0x99, 
	0xcc, 0x11, 0x00, 0x00, 0x00, 0x00, 0x00, 0x00, 
	0x00, 0x00, 0x00, 0x00, 0x00, 0x00, 0x02, 0x3c, 
	0x69, 0x9a, 0x99, 0x73, 0x20, 0x00, 0x00, 0x00, 
	0x00, 0x00, 0x00, 0x02, 0x34, 0x9a, 0x99, 0x99, 
	0xc3, 0x20, 0x00, 0x00, 0x00, 0x00, 0x00, 0x00, 
	0x00, 0x00, 0x00, 0x00, 0x00, 0x00, 0x02, 0x0c, 
	0x69, 0x99, 0x99, 0x31, 0x00, 0x00, 0x00, 0x00, 
	0x00, 0x00, 0x00, 0x00, 0x13, 0x99, 0x99, 0x95, 
	0xc0, 0x20, 0x00, 0x00, 0x00, 0x00, 0x00, 0x00, 
	0x00, 0x00, 0x00, 0x00, 0x00, 0x00, 0x20, 0x40, 
	0x89, 0x69, 0x95, 0xc2, 0x00, 0x00, 0x00, 0x00, 
	0x00, 0x00, 0x00, 0x00, 0x03, 0x79, 0x69, 0x92, 
	0x04, 0x02, 0x00, 0x00, 0x00, 0x00, 0x00, 0x00, 
	0x00, 0x00, 0x00, 0x00, 0x00, 0x02, 0x20, 0x45, 
	0x76, 0x99, 0x67, 0x40, 0x20, 0x00, 0x00, 0x00, 
	0x00, 0x00, 0x00, 0x02, 0x04, 0x76, 0x99, 0x6b, 
	0x54, 0x02, 0x20, 0x00, 0x00, 0x00, 0x00, 0x00, 
	0x00, 0x00, 0x00, 0x00, 0x00, 0x22, 0x22, 0x24, 
	0x69, 0x99, 0x96, 0x42, 0x22, 0x00, 0x00, 0x00, 
	0x00, 0x00, 0x00, 0x22, 0x24, 0x69, 0x99, 0x96, 
	0x42, 0x22, 0x22, 0x00, 0x00, 0x00, 0x00, 0x00, 
	0x00, 0x00, 0x00, 0x00, 0x00, 0x28, 0x88, 0x88, 
	0x22, 0x22, 0x22, 0x22, 0x22, 0x00, 0x00, 0x00, 
	0x00, 0x00, 0x00, 0x22, 0x22, 0x28, 0x22, 0x22, 
	0x88, 0x88, 0x82, 0x00, 0x00, 0x00, 0x00, 0x00, 
	0x00, 0x00, 0x00, 0x00, 0x02, 0x88, 0x88, 0x88, 
	0x88, 0x88, 0x88, 0x82, 0x22, 0x00, 0x00, 0x00, 
	0x00, 0x00, 0x00, 0x22, 0x28, 0x88, 0x88, 0x88, 
	0x88, 0x88, 0x88, 0x20, 0x00, 0x00, 0x00, 0x00, 
	0x00, 0x00, 0x00, 0x00, 0x02, 0x88, 0x88, 0x88, 
	0x88, 0x88, 0x88, 0x82, 0x22, 0x00, 0x00, 0x00, 
	0x00, 0x00, 0x00, 0x22, 0x28, 0x88, 0x88, 0x84, 
	0x88, 0x88, 0x88, 0x20, 0x00, 0x00, 0x00, 0x00, 
	0x00, 0x00, 0x00, 0x00, 0x02, 0x28, 0x88, 0x88, 
	0x88, 0x88, 0x88, 0x82, 0x22, 0x00, 0x00, 0x00, 
	0x00, 0x00, 0x00, 0x22, 0x28, 0x88, 0x88, 0x88, 
	0x88, 0x88, 0x82, 0x20, 0x00, 0x00, 0x00, 0x00, 
	0x00, 0x00, 0x00, 0x00, 0x00, 0x22, 0x88, 0x88, 
	0x88, 0x88, 0x88, 0x22, 0x22, 0x00, 0x00, 0x00, 
	0x00, 0x00, 0x00, 0x22, 0x22, 0x88, 0x88, 0x88, 
	0x88, 0x88, 0x22, 0x00, 0x00, 0x00, 0x00, 0x00, 
	0x00, 0x00, 0x00, 0x00, 0x00, 0x02, 0x22, 0x88, 
	0x88, 0x88, 0x88, 0x22, 0x20, 0x00, 0x01, 0x00, 
	0x00, 0x10, 0x00, 0x02, 0x22, 0x28, 0x88, 0x88, 
	0x88, 0x22, 0x20, 0x00, 0x00, 0x00, 0x00, 0x00, 
	0x00, 0x00, 0x00, 0x00, 0x00, 0x00, 0x22, 0x22, 
	0x88, 0x82, 0x22, 0x22, 0x00, 0x00, 0x74, 0x13, 
	0x31, 0x47, 0x00, 0x00, 0x22, 0x22, 0x28, 0x88, 
	0x22, 0x22, 0x00, 0x00, 0x00, 0x00, 0x00, 0x00, 
	0x00, 0x00, 0x00, 0x00, 0x00, 0x02, 0x22, 0x22, 
	0x22, 0x22, 0x22, 0x20, 0x00, 0x01, 0x47, 0x77, 
	0x47, 0x54, 0x10, 0x00, 0x02, 0x22, 0x22, 0x22, 
	0x22, 0x22, 0x20, 0x00, 0x00, 0x00, 0x00, 0x00, 
	0x00, 0x00, 0x00, 0x00, 0x00, 0x00, 0x22, 0x22, 
	0x22, 0x22, 0x22, 0x00, 0x00, 0x00, 0x18, 0x77, 
	0x77, 0x21, 0x00, 0x00, 0x00, 0x02, 0x22, 0x22, 
	0x22, 0x00, 0x00, 0x00, 0x00, 0x00, 0x00, 0x00, 
	0x00, 0x00, 0x00, 0x00, 0x00, 0x00, 0x00, 0x02, 
	0x22, 0x20, 0x00, 0x00, 0x00, 0x00, 0x01, 0x10, 
	0x03, 0x10, 0x00, 0x00, 0x00, 0x00, 0x00, 0x22, 
	0x22, 0x00, 0x00, 0x00, 0x00, 0x00, 0x00, 0x00, 
	0x00, 0x00, 0x00, 0x00, 0x00, 0x00, 0x00, 0x00, 
	0x00, 0x00, 0x00, 0x00, 0x00, 0x00, 0x01, 0x10, 
	0x00, 0x00, 0x00, 0x00, 0x00, 0x00, 0x00, 0x00, 
	0x00, 0x00, 0x00, 0x00, 0x00, 0x00, 0x00, 0x00, 
	0x00, 0x00, 0x00, 0x00, 0x00, 0x00, 0x00, 0x00, 
	0x00, 0x00, 0x00, 0x00, 0x00, 0x00, 0x00, 0x00, 
	0x00, 0x00, 0x00, 0x00, 0x00, 0x00, 0x00, 0x00, 
	0x00, 0x00, 0x00, 0x00, 0x00, 0x00, 0x00, 0x00, 
	0x00, 0x00, 0x00, 0x00, 0x00, 0x00, 0x00, 0x00, 
	0x00, 0x00, 0x00, 0x00, 0x00, 0x00, 0x00, 0x00, 
	0x00, 0x00, 0x00, 0x00, 0x00, 0x00, 0x00, 0x00, 
	0x00, 0x00, 0x00, 0x00, 0x00, 0x00, 0x00, 0x00, 
	0x00, 0x00, 0x00, 0x00, 0x00, 0x00, 0x00, 0x00, 
	0x00, 0x00, 0x00, 0x00, 0x00, 0x00, 0x00, 0x00, 
	0x00, 0x00, 0x00, 0x00, 0x00, 0x00, 0x00, 0x00, 
	0x00, 0x00, 0x00, 0x00, 0x00, 0x00, 0x00, 0x00, 
	0x00, 0x00, 0x00, 0x00, 0x00, 0x00, 0x00, 0x00, 
	0x00, 0x00, 0x00, 0x00, 0x00, 0x00, 0x00, 0x00, 
	0x00, 0x00, 0x00, 0x00, 0x00, 0x00, 0x00, 0x00, 
	0x00, 0x00, 0x00, 0x00, 0x00, 0x00, 0x00, 0x00, 
	0x00, 0x00, 0x00, 0x00, 0x00, 0x00, 0x00, 0x00, 
	0x00, 0x00, 0x00, 0x00, 0x00, 0x00, 0x00, 0x00, 
	0x00, 0x00, 0x00, 0x00, 0x00, 0x00, 0x00, 0x00, 
	0x00, 0x00, 0x00, 0x00, 0x00, 0x00, 0x00, 0x00, 
	0x00, 0x00, 0x00, 0x00, 0x00, 0x00, 0x00, 0x00, 
	0x00, 0x00, 0x00, 0x00, 0x00, 0x00, 0x00, 0x00, 
	0x00, 0x00, 0x00, 0x00, 0x00, 0x00, 0x00, 0x00, 
	0x00, 0x00, 0x00, 0x00, 0x00, 0x00, 0x00, 0x00, 
	0x00, 0x00, 0x00, 0x00, 0x00, 0x00, 0x00, 0x00, 
	0x00, 0x00, 0x00, 0x00, 0x00, 0x00, 0x00, 0x00, 
	0x00, 0x00, 0x00, 0x00, 0x00, 0x00, 0x00, 0x00, 
	0x00, 0x00, 0x00, 0x00, 0x00, 0x00, 0x00, 0x00, 
	0x00, 0x00, 0x00, 0x00, 0x00, 0x00, 0x00, 0x00, 
	0x00, 0x00, 0x00, 0x00, 0x00, 0x00, 0x00, 0x00, 
	0x00, 0x00, 0x00, 0x00, 0x00, 0x00, 0x00, 0x00, 
	0x00, 0x00, 0x00, 0x00, 0x00, 0x00, 0x00, 0x00, 
	
};

Gfx yume__6110252_16_pal_rgba16_aligner[] = {gsSPEndDisplayList()};
u8 yume__6110252_16_pal_rgba16[] = {
	0xfe, 0xf3, 0xff, 0x33, 0xfe, 0xf1, 0xff, 0x75, 
	0xe6, 0x2d, 0xb4, 0xa1, 0x93, 0xdb, 0xdd, 0xa7, 
	0xfe, 0xad, 0x62, 0x4d, 0x18, 0x83, 0xc5, 0xed, 
	0xff, 0xff, 
};

Gfx yume_615008_ci4_aligner[] = {gsSPEndDisplayList()};
u8 yume_615008_ci4[] = {
	0x00, 0x10, 0x10, 0x00, 0x00, 0x00, 0x00, 0x00, 
	0x22, 0x22, 0x22, 0x22, 0x22, 0x22, 0x00, 0x00, 
	0x00, 0x00, 0x00, 0x00, 0x01, 0x00, 0x00, 0x00, 
	0x34, 0x23, 0x22, 0x24, 0x43, 0x22, 0x10, 0x00, 
	0x01, 0x00, 0x00, 0x00, 0x01, 0x00, 0x05, 0x30, 
	0x22, 0x23, 0x23, 0x22, 0x22, 0x22, 0x00, 0x00, 
	0x00, 0x00, 0x00, 0x00, 0x00, 0x00, 0x00, 0x30, 
	0x22, 0x22, 0x23, 0x22, 0x22, 0x22, 0x00, 0x00, 
	0x50, 0x00, 0x22, 0x23, 0x00, 0x00, 0x33, 0x30, 
	0x30, 0x00, 0x22, 0x43, 0x42, 0x22, 0x00, 0x05, 
	0x00, 0x10, 0x32, 0x23, 0x00, 0x00, 0x33, 0x30, 
	0x30, 0x33, 0x22, 0x22, 0x22, 0x22, 0x00, 0x00, 
	0x00, 0x00, 0x32, 0x22, 0x00, 0x00, 0x03, 0x03, 
	0x00, 0x33, 0x22, 0x22, 0x33, 0x22, 0x00, 0x00, 
	0x00, 0x00, 0x22, 0x22, 0x00, 0x00, 0x03, 0x33, 
	0x03, 0x00, 0x22, 0x22, 0x22, 0x22, 0x51, 0x00, 
	0x00, 0x00, 0x00, 0x00, 0x00, 0x00, 0x00, 0x00, 
	0x00, 0x03, 0x00, 0x00, 0x00, 0x33, 0x03, 0x00, 
	0x00, 0x00, 0x00, 0x00, 0x00, 0x00, 0x05, 0x00, 
	0x30, 0x03, 0x00, 0x03, 0x30, 0x03, 0x00, 0x03, 
	0x00, 0x00, 0x53, 0x03, 0x00, 0x00, 0x00, 0x00, 
	0x00, 0x30, 0x00, 0x30, 0x33, 0x03, 0x00, 0x03, 
	0x00, 0x00, 0x00, 0x00, 0x00, 0x00, 0x03, 0x00, 
	0x00, 0x05, 0x30, 0x33, 0x33, 0x03, 0x30, 0x03, 
	0x00, 0x00, 0x00, 0x00, 0x00, 0x00, 0x30, 0x00, 
	0x00, 0x00, 0x22, 0x42, 0x33, 0x03, 0x30, 0x00, 
	0x00, 0x00, 0x00, 0x00, 0x00, 0x00, 0x30, 0x30, 
	0x00, 0x00, 0x22, 0x22, 0x33, 0x03, 0x00, 0x33, 
	0x00, 0x05, 0x00, 0x00, 0x00, 0x00, 0x30, 0x33, 
	0x00, 0x00, 0x22, 0x32, 0x00, 0x33, 0x03, 0x03, 
	0x00, 0x00, 0x00, 0x00, 0x00, 0x00, 0x30, 0x03, 
	0x00, 0x00, 0x32, 0x22, 0x00, 0x33, 0x03, 0x00, 
	0x00, 0x00, 0x33, 0x30, 0x00, 0x00, 0x33, 0x00, 
	0x00, 0x00, 0x33, 0x03, 0x30, 0x33, 0x03, 0x00, 
	0x00, 0x00, 0x03, 0x30, 0x00, 0x00, 0x30, 0x30, 
	0x10, 0x00, 0x30, 0x30, 0x03, 0x00, 0x30, 0x03, 
	0x00, 0x00, 0x03, 0x30, 0x00, 0x53, 0x00, 0x33, 
	0x00, 0x00, 0x30, 0x00, 0x30, 0x03, 0x03, 0x00, 
	0x00, 0x00, 0x33, 0x03, 0x50, 0x00, 0x33, 0x03, 
	0x10, 0x00, 0x30, 0x30, 0x00, 0x00, 0x03, 0x30, 
	0x30, 0x03, 0x00, 0x00, 0x42, 0x32, 0x23, 0x22, 
	0x10, 0x00, 0x30, 0x30, 0x00, 0x00, 0x00, 0x00, 
	0x00, 0x30, 0x00, 0x00, 0x23, 0x22, 0x42, 0x22, 
	0x00, 0x00, 0x00, 0x30, 0x00, 0x00, 0x00, 0x00, 
	0x30, 0x30, 0x00, 0x00, 0x22, 0x22, 0x23, 0x22, 
	0x00, 0x00, 0x03, 0x03, 0x00, 0x00, 0x01, 0x00, 
	0x30, 0x33, 0x10, 0x00, 0x22, 0x22, 0x22, 0x22, 
	0x00, 0x00, 0x03, 0x30, 0x00, 0x35, 0x01, 0x00, 
	0x00, 0x00, 0x00, 0x00, 0x00, 0x00, 0x00, 0x00, 
	0x22, 0x22, 0x30, 0x30, 0x00, 0x00, 0x01, 0x00, 
	0x00, 0x00, 0x00, 0x00, 0x00, 0x00, 0x00, 0x00, 
	0x42, 0x32, 0x03, 0x03, 0x00, 0x00, 0x00, 0x00, 
	0x10, 0x00, 0x00, 0x00, 0x50, 0x00, 0x00, 0x01, 
	0x22, 0x22, 0x03, 0x00, 0x01, 0x00, 0x00, 0x00, 
	0x00, 0x00, 0x00, 0x00, 0x00, 0x00, 0x01, 0x00, 
	0x23, 0x22, 0x33, 0x33, 0x00, 0x00, 0x00, 0x00, 
	0x03, 0x30, 0x00, 0x05, 0x33, 0x00, 0x00, 0x00, 
	0x00, 0x00, 0x00, 0x00, 0x35, 0x00, 0x05, 0x00, 
	0x30, 0x03, 0x00, 0x00, 0x33, 0x00, 0x00, 0x00, 
	0x00, 0x00, 0x00, 0x00, 0x00, 0x00, 0x00, 0x00, 
	0x33, 0x03, 0x00, 0x00, 0x03, 0x03, 0x00, 0x00, 
	0x00, 0x00, 0x00, 0x00, 0x03, 0x00, 0x03, 0x00, 
	0x03, 0x00, 0x10, 0x00, 0x33, 0x03, 0x00, 0x00, 
	0x00, 0x00, 0x00, 0x00, 0x00, 0x00, 0x30, 0x00, 
	
};

Gfx yume_615008_pal_rgba16_aligner[] = {gsSPEndDisplayList()};
u8 yume_615008_pal_rgba16[] = {
	0xb4, 0x51, 0xb4, 0x11, 0xb4, 0x53, 0xb4, 0x0f, 
	0xb4, 0x93, 0xb4, 0x91, 
};

Gfx yume_615005_ci4_aligner[] = {gsSPEndDisplayList()};
u8 yume_615005_ci4[] = {
	0x00, 0x10, 0x11, 0x21, 0x33, 0x31, 0x33, 0x33, 
	0x44, 0x14, 0x00, 0x01, 0x50, 0x00, 0x00, 0x00, 
	0x00, 0x10, 0x11, 0x21, 0x33, 0x31, 0x33, 0x33, 
	0x44, 0x44, 0x00, 0x11, 0x50, 0x00, 0x00, 0x00, 
	0x00, 0x10, 0x11, 0x11, 0x63, 0x31, 0x33, 0x13, 
	0x14, 0x42, 0x00, 0x01, 0x50, 0x00, 0x00, 0x00, 
	0x00, 0x10, 0x11, 0x11, 0x66, 0x31, 0x63, 0x13, 
	0x11, 0x42, 0x00, 0x01, 0x50, 0x00, 0x00, 0x00, 
	0x22, 0x00, 0x00, 0x77, 0x33, 0x37, 0x11, 0x11, 
	0x13, 0x33, 0x00, 0x05, 0x12, 0x11, 0x33, 0x33, 
	0x20, 0x00, 0x00, 0x00, 0x33, 0x37, 0x11, 0x11, 
	0x33, 0x63, 0x00, 0x00, 0x12, 0x11, 0x33, 0x33, 
	0x00, 0x20, 0x00, 0x00, 0x33, 0x33, 0x11, 0x11, 
	0x33, 0x33, 0x00, 0x50, 0x11, 0x11, 0x33, 0x33, 
	0x00, 0x20, 0x07, 0x00, 0x33, 0x33, 0x11, 0x21, 
	0x63, 0x33, 0x50, 0x00, 0x11, 0x11, 0x37, 0x33, 
	0x00, 0x20, 0x77, 0x22, 0x00, 0x00, 0x31, 0x36, 
	0x20, 0x00, 0x70, 0x00, 0x00, 0x10, 0x11, 0x12, 
	0x00, 0x22, 0x77, 0x22, 0x00, 0x02, 0x31, 0x36, 
	0x20, 0x00, 0x07, 0x00, 0x00, 0x01, 0x21, 0x12, 
	0x20, 0x02, 0x77, 0x22, 0x00, 0x00, 0x31, 0x36, 
	0x20, 0x00, 0x07, 0x07, 0x02, 0x01, 0x21, 0x11, 
	0x20, 0x00, 0x77, 0x27, 0x00, 0x00, 0x33, 0x36, 
	0x20, 0x22, 0x00, 0x07, 0x00, 0x01, 0x21, 0x11, 
	0x33, 0x33, 0x32, 0x23, 0x00, 0x50, 0x00, 0x22, 
	0x20, 0x20, 0x33, 0x33, 0x33, 0x31, 0x33, 0x77, 
	0x33, 0x31, 0x32, 0x23, 0x00, 0x00, 0x00, 0x20, 
	0x20, 0x20, 0x33, 0x33, 0x13, 0x11, 0x33, 0x33, 
	0x33, 0x31, 0x33, 0x23, 0x00, 0x00, 0x00, 0x20, 
	0x00, 0x20, 0x33, 0x73, 0x13, 0x11, 0x33, 0x33, 
	0x33, 0x11, 0x33, 0x23, 0x50, 0x00, 0x00, 0x00, 
	0x00, 0x20, 0x33, 0x33, 0x13, 0x33, 0x33, 0x33, 
	0x11, 0x11, 0x31, 0x63, 0x00, 0x00, 0x03, 0x00, 
	0x33, 0x33, 0x00, 0x00, 0x13, 0x33, 0x33, 0x33, 
	0x11, 0x11, 0x31, 0x63, 0x00, 0x00, 0x33, 0x00, 
	0x73, 0x33, 0x02, 0x20, 0x13, 0x33, 0x33, 0x63, 
	0x11, 0x11, 0x31, 0x63, 0x02, 0x00, 0x00, 0x00, 
	0x73, 0x33, 0x02, 0x02, 0x33, 0x33, 0x33, 0x63, 
	0x11, 0x22, 0x33, 0x36, 0x00, 0x02, 0x00, 0x30, 
	0x33, 0x33, 0x00, 0x02, 0x33, 0x33, 0x36, 0x66, 
	0x13, 0x66, 0x28, 0x82, 0x00, 0x22, 0x20, 0x02, 
	0x00, 0x02, 0x13, 0x33, 0x20, 0x20, 0x02, 0x22, 
	0x13, 0x66, 0x28, 0x82, 0x00, 0x22, 0x20, 0x02, 
	0x00, 0x02, 0x11, 0x33, 0x20, 0x20, 0x22, 0x22, 
	0x13, 0x36, 0x28, 0x88, 0x00, 0x22, 0x22, 0x02, 
	0x00, 0x02, 0x31, 0x13, 0x20, 0x20, 0x22, 0x22, 
	0x33, 0x33, 0x28, 0x88, 0x00, 0x02, 0x02, 0x02, 
	0x00, 0x02, 0x31, 0x13, 0x00, 0x20, 0x20, 0x22, 
	0x00, 0x20, 0x20, 0x00, 0x33, 0x33, 0x00, 0x00, 
	0x44, 0x22, 0x37, 0x73, 0x00, 0x00, 0x20, 0x02, 
	0x00, 0x20, 0x20, 0x02, 0x33, 0x33, 0x00, 0x00, 
	0x11, 0x24, 0x37, 0x33, 0x00, 0x02, 0x20, 0x02, 
	0x00, 0x20, 0x00, 0x02, 0x23, 0x13, 0x00, 0x00, 
	0x11, 0x44, 0x37, 0x33, 0x00, 0x02, 0x00, 0x02, 
	0x00, 0x20, 0x00, 0x00, 0x33, 0x13, 0x00, 0x00, 
	0x41, 0x44, 0x33, 0x33, 0x20, 0x02, 0x00, 0x00, 
	0x33, 0x33, 0x31, 0x33, 0x31, 0x13, 0x33, 0x11, 
	0x33, 0x33, 0x33, 0x63, 0x00, 0x33, 0x12, 0x11, 
	0x33, 0x33, 0x31, 0x33, 0x31, 0x13, 0x33, 0x11, 
	0x66, 0x33, 0x33, 0x63, 0x30, 0x33, 0x12, 0x11, 
	0x33, 0x33, 0x33, 0x33, 0x33, 0x13, 0x33, 0x33, 
	0x63, 0x33, 0x13, 0x63, 0x30, 0x33, 0x11, 0x11, 
	0x30, 0x33, 0x33, 0x33, 0x33, 0x13, 0x33, 0x33, 
	0x63, 0x33, 0x13, 0x33, 0x30, 0x33, 0x12, 0x21, 
	
};

Gfx yume_615005_pal_rgba16_aligner[] = {gsSPEndDisplayList()};
u8 yume_615005_pal_rgba16[] = {
	0x20, 0x41, 0x28, 0x83, 0x18, 0x41, 0x20, 0x43, 
	0x28, 0x43, 0x28, 0x85, 0x18, 0x43, 0x20, 0x83, 
	0x28, 0x81, 
};

Gfx yume__611030_ci4_aligner[] = {gsSPEndDisplayList()};
u8 yume__611030_ci4[] = {
	0x00, 0x00, 0x00, 0x00, 0x00, 0x00, 0x00, 0x00, 
	0x00, 0x00, 0x00, 0x00, 0x00, 0x00, 0x00, 0x00, 
	0x00, 0x00, 0x00, 0x00, 0x00, 0x00, 0x00, 0x00, 
	0x00, 0x00, 0x00, 0x00, 0x00, 0x00, 0x00, 0x00, 
	0x00, 0x00, 0x00, 0x00, 0x00, 0x00, 0x00, 0x00, 
	0x00, 0x00, 0x00, 0x00, 0x00, 0x00, 0x00, 0x00, 
	0x00, 0x00, 0x00, 0x00, 0x00, 0x00, 0x00, 0x00, 
	0x00, 0x00, 0x00, 0x00, 0x00, 0x00, 0x00, 0x00, 
	0x00, 0x00, 0x00, 0x00, 0x00, 0x00, 0x00, 0x00, 
	0x00, 0x00, 0x00, 0x00, 0x00, 0x00, 0x00, 0x00, 
	0x00, 0x00, 0x00, 0x00, 0x00, 0x00, 0x00, 0x00, 
	0x00, 0x00, 0x00, 0x00, 0x00, 0x00, 0x00, 0x00, 
	0x00, 0x00, 0x00, 0x00, 0x00, 0x00, 0x00, 0x00, 
	0x00, 0x00, 0x00, 0x00, 0x00, 0x00, 0x00, 0x00, 
	0x00, 0x00, 0x00, 0x00, 0x00, 0x00, 0x00, 0x00, 
	0x00, 0x00, 0x00, 0x00, 0x00, 0x00, 0x00, 0x00, 
	0x00, 0x00, 0x00, 0x00, 0x00, 0x00, 0x00, 0x00, 
	0x00, 0x00, 0x00, 0x00, 0x00, 0x00, 0x00, 0x00, 
	0x00, 0x00, 0x00, 0x00, 0x00, 0x00, 0x00, 0x00, 
	0x00, 0x00, 0x00, 0x00, 0x00, 0x00, 0x00, 0x00, 
	0x00, 0x00, 0x00, 0x00, 0x00, 0x00, 0x00, 0x00, 
	0x00, 0x00, 0x00, 0x00, 0x00, 0x00, 0x00, 0x00, 
	0x00, 0x00, 0x00, 0x00, 0x00, 0x00, 0x00, 0x00, 
	0x00, 0x00, 0x00, 0x00, 0x00, 0x00, 0x00, 0x00, 
	0x00, 0x00, 0x00, 0x00, 0x00, 0x00, 0x00, 0x00, 
	0x00, 0x00, 0x00, 0x00, 0x00, 0x00, 0x00, 0x00, 
	0x00, 0x10, 0x00, 0x00, 0x00, 0x00, 0x00, 0x00, 
	0x00, 0x00, 0x00, 0x00, 0x00, 0x00, 0x00, 0x00, 
	0x00, 0x00, 0x00, 0x00, 0x00, 0x00, 0x00, 0x00, 
	0x00, 0x00, 0x00, 0x00, 0x00, 0x00, 0x00, 0x02, 
	0x00, 0x11, 0x00, 0x00, 0x00, 0x00, 0x00, 0x00, 
	0x00, 0x00, 0x00, 0x00, 0x00, 0x00, 0x00, 0x00, 
	0x00, 0x00, 0x00, 0x00, 0x00, 0x00, 0x00, 0x00, 
	0x00, 0x00, 0x00, 0x00, 0x00, 0x00, 0x03, 0x44, 
	0x20, 0x11, 0x00, 0x00, 0x00, 0x00, 0x00, 0x00, 
	0x00, 0x00, 0x00, 0x00, 0x00, 0x00, 0x00, 0x00, 
	0x00, 0x00, 0x00, 0x00, 0x00, 0x00, 0x00, 0x00, 
	0x00, 0x00, 0x00, 0x00, 0x00, 0x00, 0x24, 0x23, 
	0x20, 0x11, 0x00, 0x00, 0x00, 0x00, 0x00, 0x00, 
	0x00, 0x00, 0x00, 0x00, 0x00, 0x00, 0x00, 0x00, 
	0x00, 0x00, 0x00, 0x00, 0x00, 0x00, 0x00, 0x00, 
	0x00, 0x00, 0x00, 0x00, 0x00, 0x34, 0x43, 0x00, 
	0x20, 0x11, 0x00, 0x00, 0x00, 0x00, 0x00, 0x00, 
	0x00, 0x00, 0x00, 0x00, 0x00, 0x00, 0x00, 0x00, 
	0x00, 0x00, 0x00, 0x00, 0x00, 0x00, 0x00, 0x00, 
	0x00, 0x00, 0x00, 0x00, 0x02, 0x42, 0x00, 0x00, 
	0x20, 0x15, 0x00, 0x00, 0x00, 0x00, 0x00, 0x00, 
	0x00, 0x00, 0x00, 0x00, 0x00, 0x00, 0x00, 0x00, 
	0x00, 0x00, 0x00, 0x00, 0x00, 0x00, 0x00, 0x00, 
	0x00, 0x00, 0x00, 0x00, 0x44, 0x00, 0x00, 0x00, 
	0x20, 0x65, 0x60, 0x00, 0x00, 0x00, 0x00, 0x00, 
	0x00, 0x00, 0x00, 0x00, 0x00, 0x00, 0x00, 0x00, 
	0x00, 0x00, 0x00, 0x00, 0x00, 0x00, 0x00, 0x00, 
	0x00, 0x00, 0x00, 0x02, 0x20, 0x00, 0x00, 0x00, 
	0x20, 0x05, 0x70, 0x00, 0x00, 0x00, 0x00, 0x00, 
	0x00, 0x00, 0x00, 0x00, 0x00, 0x00, 0x00, 0x00, 
	0x00, 0x00, 0x00, 0x00, 0x00, 0x00, 0x00, 0x00, 
	0x00, 0x00, 0x00, 0x02, 0x00, 0x00, 0x00, 0x00, 
	0x33, 0x05, 0x10, 0x00, 0x00, 0x00, 0x00, 0x00, 
	0x00, 0x00, 0x00, 0x00, 0x00, 0x00, 0x00, 0x00, 
	0x00, 0x00, 0x00, 0x00, 0x00, 0x00, 0x00, 0x00, 
	0x00, 0x00, 0x61, 0x02, 0x00, 0x00, 0x00, 0x00, 
	0x02, 0x01, 0x10, 0x00, 0x00, 0x00, 0x00, 0x00, 
	0x00, 0x00, 0x00, 0x00, 0x00, 0x00, 0x00, 0x00, 
	0x00, 0x00, 0x00, 0x00, 0x00, 0x00, 0x00, 0x00, 
	0x00, 0x00, 0x61, 0x03, 0x00, 0x00, 0x00, 0x00, 
	0x02, 0x01, 0x10, 0x00, 0x00, 0x00, 0x00, 0x00, 
	0x00, 0x00, 0x00, 0x00, 0x00, 0x00, 0x00, 0x00, 
	0x00, 0x00, 0x00, 0x00, 0x00, 0x00, 0x00, 0x00, 
	0x00, 0x00, 0x61, 0x03, 0x30, 0x00, 0x00, 0x00, 
	0x02, 0x01, 0x10, 0x00, 0x00, 0x00, 0x00, 0x00, 
	0x00, 0x00, 0x00, 0x00, 0x00, 0x00, 0x00, 0x00, 
	0x00, 0x00, 0x00, 0x00, 0x00, 0x00, 0x00, 0x00, 
	0x00, 0x00, 0x01, 0x60, 0x20, 0x00, 0x00, 0x00, 
	0x02, 0x01, 0x10, 0x00, 0x00, 0x00, 0x00, 0x00, 
	0x00, 0x00, 0x00, 0x00, 0x00, 0x00, 0x00, 0x00, 
	0x00, 0x00, 0x00, 0x00, 0x00, 0x00, 0x00, 0x00, 
	0x00, 0x00, 0x01, 0x10, 0x20, 0x00, 0x00, 0x00, 
	0x02, 0x01, 0x50, 0x00, 0x00, 0x00, 0x00, 0x00, 
	0x00, 0x00, 0x00, 0x00, 0x00, 0x00, 0x00, 0x00, 
	0x00, 0x00, 0x00, 0x00, 0x00, 0x00, 0x00, 0x00, 
	0x00, 0x00, 0x01, 0x10, 0x20, 0x00, 0x00, 0x00, 
	0x02, 0x01, 0x50, 0x00, 0x00, 0x00, 0x00, 0x00, 
	0x00, 0x00, 0x00, 0x00, 0x00, 0x00, 0x00, 0x00, 
	0x00, 0x00, 0x00, 0x00, 0x00, 0x00, 0x00, 0x00, 
	0x00, 0x00, 0x01, 0x10, 0x20, 0x00, 0x00, 0x00, 
	0x02, 0x06, 0x56, 0x00, 0x00, 0x00, 0x00, 0x00, 
	0x00, 0x00, 0x00, 0x00, 0x00, 0x00, 0x00, 0x00, 
	0x00, 0x00, 0x00, 0x00, 0x00, 0x00, 0x00, 0x00, 
	0x00, 0x00, 0x01, 0x10, 0x20, 0x00, 0x00, 0x00, 
	0x03, 0x00, 0x57, 0x00, 0x00, 0x00, 0x00, 0x00, 
	0x00, 0x00, 0x00, 0x00, 0x00, 0x00, 0x00, 0x00, 
	0x00, 0x00, 0x00, 0x00, 0x00, 0x00, 0x00, 0x00, 
	0x00, 0x00, 0x01, 0x10, 0x20, 0x00, 0x00, 0x00, 
	0x03, 0x30, 0x51, 0x00, 0x00, 0x00, 0x00, 0x00, 
	0x00, 0x00, 0x00, 0x00, 0x00, 0x00, 0x00, 0x00, 
	0x00, 0x00, 0x00, 0x00, 0x00, 0x00, 0x00, 0x00, 
	0x00, 0x00, 0x06, 0x10, 0x20, 0x00, 0x00, 0x00, 
	0x00, 0x20, 0x51, 0x00, 0x00, 0x00, 0x00, 0x00, 
	0x00, 0x00, 0x00, 0x00, 0x00, 0x00, 0x00, 0x00, 
	0x00, 0x00, 0x00, 0x00, 0x00, 0x00, 0x00, 0x00, 
	0x00, 0x00, 0x00, 0x50, 0x20, 0x00, 0x00, 0x00, 
	0x03, 0x20, 0x51, 0x00, 0x00, 0x00, 0x00, 0x00, 
	0x00, 0x00, 0x00, 0x00, 0x00, 0x00, 0x00, 0x00, 
	0x00, 0x00, 0x00, 0x00, 0x00, 0x00, 0x00, 0x00, 
	0x00, 0x00, 0x00, 0x56, 0x30, 0x00, 0x00, 0x00, 
	0x24, 0x30, 0x51, 0x00, 0x00, 0x00, 0x00, 0x00, 
	0x00, 0x00, 0x00, 0x00, 0x00, 0x00, 0x00, 0x00, 
	0x00, 0x00, 0x00, 0x00, 0x00, 0x00, 0x00, 0x00, 
	0x00, 0x00, 0x00, 0x51, 0x33, 0x00, 0x00, 0x24, 
	0x43, 0x00, 0x51, 0x00, 0x00, 0x00, 0x00, 0x00, 
	0x00, 0x00, 0x00, 0x00, 0x00, 0x00, 0x00, 0x00, 
	0x00, 0x00, 0x00, 0x00, 0x00, 0x00, 0x00, 0x00, 
	0x00, 0x00, 0x00, 0x51, 0x03, 0x00, 0x04, 0x42, 
	0x00, 0x00, 0x51, 0x00, 0x00, 0x00, 0x00, 0x00, 
	0x00, 0x00, 0x00, 0x00, 0x00, 0x00, 0x00, 0x00, 
	0x00, 0x00, 0x00, 0x00, 0x00, 0x00, 0x00, 0x00, 
	0x00, 0x00, 0x00, 0x11, 0x02, 0x02, 0x42, 0x00, 
	0x00, 0x18, 0x56, 0x00, 0x00, 0x00, 0x00, 0x00, 
	0x00, 0x00, 0x00, 0x00, 0x00, 0x00, 0x00, 0x00, 
	0x00, 0x00, 0x00, 0x00, 0x00, 0x00, 0x00, 0x00, 
	0x00, 0x00, 0x00, 0x11, 0x02, 0x44, 0x30, 0x00, 
	0x65, 0x88, 0x10, 0x00, 0x00, 0x00, 0x00, 0x00, 
	0x00, 0x00, 0x00, 0x00, 0x00, 0x00, 0x00, 0x00, 
	0x00, 0x00, 0x00, 0x00, 0x00, 0x00, 0x00, 0x00, 
	0x00, 0x00, 0x00, 0x15, 0x04, 0x20, 0x00, 0x01, 
	0x55, 0x51, 0x00, 0x00, 0x00, 0x00, 0x00, 0x00, 
	0x00, 0x00, 0x00, 0x00, 0x00, 0x00, 0x00, 0x00, 
	0x00, 0x00, 0x00, 0x00, 0x00, 0x00, 0x00, 0x00, 
	0x00, 0x00, 0x00, 0x15, 0x00, 0x00, 0x06, 0x55, 
	0x51, 0x60, 0x00, 0x00, 0x00, 0x00, 0x00, 0x00, 
	0x00, 0x00, 0x00, 0x00, 0x00, 0x00, 0x00, 0x00, 
	0x00, 0x00, 0x00, 0x00, 0x00, 0x00, 0x00, 0x00, 
	0x00, 0x00, 0x00, 0x15, 0x00, 0x00, 0x15, 0x51, 
	0x60, 0x00, 0x00, 0x00, 0x00, 0x00, 0x00, 0x00, 
	0x00, 0x00, 0x00, 0x00, 0x00, 0x00, 0x00, 0x00, 
	0x00, 0x00, 0x00, 0x00, 0x00, 0x00, 0x00, 0x00, 
	0x00, 0x00, 0x00, 0x15, 0x00, 0x15, 0x51, 0x60, 
	0x00, 0x00, 0x00, 0x00, 0x00, 0x00, 0x00, 0x00, 
	0x00, 0x00, 0x00, 0x00, 0x00, 0x00, 0x00, 0x00, 
	0x00, 0x00, 0x00, 0x00, 0x00, 0x00, 0x00, 0x00, 
	0x00, 0x00, 0x00, 0x18, 0x01, 0x85, 0x10, 0x00, 
	0x00, 0x00, 0x00, 0x00, 0x00, 0x00, 0x00, 0x00, 
	0x00, 0x00, 0x00, 0x00, 0x00, 0x00, 0x00, 0x00, 
	0x00, 0x00, 0x00, 0x00, 0x00, 0x00, 0x00, 0x00, 
	0x00, 0x00, 0x00, 0x68, 0x58, 0x16, 0x00, 0x00, 
	0x00, 0x00, 0x00, 0x00, 0x00, 0x00, 0x00, 0x00, 
	0x00, 0x00, 0x00, 0x00, 0x00, 0x00, 0x00, 0x00, 
	0x00, 0x00, 0x00, 0x00, 0x00, 0x00, 0x00, 0x00, 
	0x00, 0x00, 0x00, 0x05, 0x51, 0x00, 0x00, 0x00, 
	0x00, 0x00, 0x00, 0x00, 0x00, 0x00, 0x00, 0x00, 
	0x00, 0x00, 0x00, 0x00, 0x00, 0x00, 0x00, 0x00, 
	0x00, 0x00, 0x00, 0x00, 0x00, 0x00, 0x00, 0x00, 
	0x00, 0x00, 0x00, 0x06, 0x10, 0x00, 0x00, 0x00, 
	0x00, 0x00, 0x00, 0x00, 0x00, 0x00, 0x00, 0x00, 
	0x00, 0x00, 0x00, 0x00, 0x00, 0x00, 0x00, 0x00, 
	0x77, 0x00, 0x00, 0x00, 0x00, 0x00, 0x00, 0x00, 
	0x00, 0x00, 0x00, 0x00, 0x00, 0x00, 0x00, 0x00, 
	0x00, 0x00, 0x00, 0x00, 0x00, 0x00, 0x00, 0x00, 
	0x00, 0x00, 0x00, 0x00, 0x00, 0x00, 0x00, 0x00, 
	0x9a, 0x00, 0x00, 0x00, 0x00, 0x00, 0x00, 0x00, 
	0x00, 0x00, 0x00, 0x00, 0x00, 0x00, 0x00, 0x00, 
	0x00, 0x00, 0x00, 0x00, 0x00, 0x00, 0x00, 0x00, 
	0x00, 0x00, 0x00, 0x00, 0x00, 0x00, 0x00, 0x00, 
	0xba, 0xc0, 0x00, 0x00, 0x00, 0x00, 0x00, 0x00, 
	0x00, 0x00, 0x00, 0x00, 0x00, 0x00, 0x00, 0x00, 
	0x00, 0x00, 0x00, 0x00, 0x00, 0x00, 0x00, 0x00, 
	0x00, 0x00, 0x00, 0x00, 0x00, 0x00, 0x00, 0x00, 
	0xbd, 0xa7, 0x00, 0x00, 0x00, 0x00, 0x00, 0x00, 
	0x00, 0x00, 0x00, 0x00, 0x00, 0x00, 0x00, 0x00, 
	0x00, 0x00, 0x00, 0x00, 0x00, 0x00, 0x00, 0x00, 
	0x00, 0x00, 0x00, 0x00, 0x00, 0x00, 0x07, 0xc7, 
	0xed, 0xea, 0x00, 0x00, 0x00, 0x00, 0x00, 0x00, 
	0x00, 0x00, 0x00, 0x00, 0x00, 0x00, 0x00, 0x00, 
	0x00, 0x00, 0x00, 0x00, 0x00, 0x00, 0x00, 0x00, 
	0x00, 0x00, 0x00, 0x00, 0x00, 0x7c, 0xaa, 0xac, 
	0xee, 0xde, 0xc0, 0x00, 0x00, 0x00, 0x00, 0x00, 
	0x00, 0x00, 0x00, 0x00, 0x00, 0x00, 0x00, 0x00, 
	0x00, 0x00, 0x00, 0x00, 0x00, 0x00, 0x00, 0x00, 
	0x00, 0x00, 0x00, 0x00, 0xc9, 0xaa, 0xae, 0xe9, 
	0xee, 0xee, 0xac, 0x00, 0x00, 0x00, 0x00, 0x00, 
	0x00, 0x00, 0x00, 0x00, 0x00, 0x00, 0x00, 0x00, 
	0x00, 0x00, 0x00, 0x00, 0x00, 0x00, 0x00, 0x00, 
	0x00, 0x00, 0x07, 0xca, 0xaa, 0xee, 0xed, 0xd9, 
	0xee, 0xed, 0xea, 0x70, 0x00, 0x00, 0x00, 0x00, 
	0x00, 0x00, 0x00, 0x00, 0x00, 0x00, 0x00, 0x00, 
	0x00, 0x00, 0x00, 0x00, 0x00, 0x00, 0x00, 0x00, 
	0x00, 0x01, 0xca, 0xaa, 0xee, 0xdd, 0xee, 0xd9, 
	0xee, 0xee, 0xde, 0xa0, 0x00, 0x00, 0x00, 0x00, 
	0x00, 0x00, 0x00, 0x00, 0x00, 0x00, 0x00, 0x00, 
	0x00, 0x00, 0x00, 0x00, 0x00, 0x00, 0x00, 0x00, 
	0x00, 0xca, 0xaa, 0xee, 0xde, 0xee, 0xee, 0xdb, 
	0xee, 0xee, 0xed, 0xac, 0x00, 0x00, 0x00, 0x00, 
	0x00, 0x00, 0x00, 0x00, 0x00, 0x00, 0x00, 0x00, 
	0x00, 0x00, 0x00, 0x00, 0x00, 0x00, 0x00, 0x00, 
	0x7a, 0xaa, 0xee, 0xde, 0xee, 0xee, 0xee, 0xdb, 
	0xee, 0xee, 0xee, 0xda, 0xc0, 0x00, 0x00, 0x00, 
	0x00, 0x00, 0x00, 0x00, 0x00, 0x00, 0x00, 0x00, 
	0x00, 0x00, 0x00, 0x00, 0x00, 0x00, 0x00, 0x0c, 
	0xaa, 0xee, 0xde, 0xee, 0xee, 0xee, 0xee, 0xdb, 
	0xee, 0xee, 0xee, 0xdd, 0xac, 0x00, 0x00, 0x00, 
	0x00, 0x00, 0x00, 0x00, 0x00, 0x00, 0x00, 0x00, 
	0x00, 0x00, 0x00, 0x00, 0x00, 0x00, 0x07, 0xaa, 
	0xee, 0xde, 0xee, 0xee, 0xee, 0xee, 0xee, 0xdb, 
	0xde, 0xee, 0xee, 0xed, 0xea, 0x70, 0x00, 0x00, 
	0x00, 0x00, 0x00, 0x00, 0x00, 0x00, 0x00, 0x00, 
	0x00, 0x00, 0x00, 0x00, 0x00, 0x07, 0xca, 0xee, 
	0xde, 0xee, 0xee, 0xee, 0xee, 0xee, 0xee, 0xdb, 
	0xed, 0xee, 0xee, 0xee, 0xde, 0xa7, 0x00, 0x00, 
	0x00, 0x00, 0x00, 0x00, 0x00, 0x00, 0x00, 0x00, 
	0x00, 0x00, 0x00, 0x00, 0x07, 0xca, 0xae, 0xdd, 
	0xee, 0xee, 0xee, 0xee, 0xee, 0xee, 0xee, 0xdb, 
	0x5e, 0xde, 0xee, 0xee, 0xed, 0xea, 0x70, 0x00, 
	0x00, 0x00, 0x00, 0x00, 0x00, 0x00, 0x00, 0x00, 
	0x00, 0x00, 0x00, 0x07, 0xca, 0xae, 0xed, 0xee, 
	0xee, 0xee, 0xee, 0xee, 0xee, 0xee, 0xee, 0xde, 
	0x09, 0xde, 0xee, 0xee, 0xee, 0xde, 0xac, 0x00, 
	0x00, 0x00, 0x00, 0x00, 0x00, 0x00, 0x00, 0x00, 
	0x00, 0x00, 0x00, 0xca, 0xae, 0xed, 0xee, 0xee, 
	0xee, 0xee, 0xee, 0xee, 0xee, 0xee, 0xee, 0xee, 
	0x00, 0xbd, 0xee, 0xee, 0xee, 0xed, 0xea, 0xcc, 
	0x70, 0x00, 0x00, 0x00, 0x00, 0x00, 0x00, 0x00, 
	0x77, 0x7c, 0xca, 0xae, 0xed, 0xde, 0xee, 0xee, 
	0xee, 0xee, 0xee, 0xee, 0xee, 0xee, 0xee, 0xee, 
	0x00, 0x7b, 0xde, 0xee, 0xee, 0xee, 0xde, 0xea, 
	0xac, 0xcc, 0xc7, 0x77, 0x7c, 0x7c, 0xcc, 0xca, 
	0xca, 0xaa, 0xae, 0xed, 0xde, 0xee, 0xee, 0xee, 
	0xee, 0xee, 0xee, 0xee, 0xee, 0xee, 0xee, 0xee, 
	0x00, 0x07, 0xed, 0xee, 0xee, 0xee, 0xed, 0xde, 
	0xee, 0xaa, 0xaa, 0xaa, 0xaa, 0xae, 0xae, 0xea, 
	0xee, 0xee, 0xed, 0xee, 0xee, 0xee, 0xee, 0xee, 
	0xee, 0xee, 0xee, 0xee, 0xee, 0xee, 0xee, 0xee, 
	0x00, 0x00, 0x9e, 0xee, 0xee, 0xee, 0xee, 0xed, 
	0xde, 0xee, 0xee, 0xee, 0xee, 0xee, 0xee, 0xdd, 
	0xdd, 0xdd, 0xee, 0xee, 0xee, 0xee, 0xee, 0xee, 
	0xee, 0xee, 0xee, 0xee, 0xee, 0xee, 0xee, 0xee, 
	0x00, 0x00, 0x09, 0xde, 0xee, 0xee, 0xee, 0xee, 
	0xee, 0xdd, 0xdd, 0xdd, 0xdd, 0xdd, 0xde, 0xee, 
	0xee, 0xee, 0xee, 0xee, 0xee, 0xee, 0xee, 0xee, 
	0xee, 0xee, 0xee, 0xee, 0xee, 0xee, 0xee, 0xee, 
	0x00, 0x00, 0x00, 0xbd, 0xee, 0xee, 0xee, 0xee, 
	0xee, 0xee, 0xee, 0xee, 0xee, 0xee, 0xee, 0xee, 
	0xee, 0xee, 0xee, 0xee, 0xee, 0xee, 0xee, 0xee, 
	0xee, 0xee, 0xee, 0xee, 0xee, 0xee, 0xee, 0xee, 
	0x00, 0x00, 0x00, 0x7e, 0xde, 0xee, 0xee, 0xee, 
	0xee, 0xee, 0xee, 0xee, 0xee, 0xee, 0xee, 0xee, 
	0xee, 0xee, 0xee, 0xee, 0xee, 0xee, 0xee, 0xee, 
	0xee, 0xee, 0xee, 0xee, 0xee, 0xee, 0xee, 0xee, 
	0x00, 0x00, 0x00, 0x07, 0xee, 0xee, 0xee, 0xee, 
	0xee, 0xee, 0xee, 0xee, 0xee, 0xee, 0xee, 0xee, 
	0xee, 0xee, 0xee, 0xee, 0xee, 0xee, 0xee, 0xee, 
	0xee, 0xee, 0xee, 0xee, 0xee, 0xee, 0xee, 0xee, 
	0x00, 0x00, 0x00, 0x00, 0x9d, 0xee, 0xee, 0xee, 
	0xee, 0xee, 0xee, 0xee, 0xee, 0xee, 0xee, 0xee, 
	0xee, 0xee, 0xee, 0xee, 0xee, 0xee, 0xee, 0xee, 
	0xee, 0xee, 0xee, 0xee, 0xee, 0xee, 0xee, 0xee, 
	
};

Gfx yume__611030_pal_rgba16_aligner[] = {gsSPEndDisplayList()};
u8 yume__611030_pal_rgba16[] = {
	0xea, 0x15, 0xd9, 0x91, 0xea, 0x99, 0xea, 0x95, 
	0xeb, 0x1b, 0xc9, 0x4d, 0xea, 0x11, 0xd2, 0x15, 
	0xb9, 0x0b, 0x91, 0x91, 0x52, 0x95, 0x61, 0x8d, 
	0xa2, 0x55, 0x21, 0x09, 0x31, 0x8d, 
};

Vtx yume_hips_mesh_layer_1_vtx_0[6] = {
	{{ {12, 4, -7}, 0, {972, 12}, {48, 142, 227, 255} }},
	{{ {0, -2, -4}, 0, {478, 181}, {0, 141, 202, 255} }},
	{{ {-12, 4, -7}, 0, {-16, 12}, {208, 142, 227, 255} }},
	{{ {12, 5, 8}, 0, {976, 1004}, {52, 148, 42, 255} }},
	{{ {0, -1, 7}, 0, {478, 956}, {0, 152, 74, 255} }},
	{{ {-12, 5, 8}, 0, {-16, 1004}, {204, 148, 42, 255} }},
};

Gfx yume_hips_mesh_layer_1_tri_0[] = {
	gsSPVertex(yume_hips_mesh_layer_1_vtx_0 + 0, 6, 0),
	gsSP1Triangle(0, 1, 2, 0),
	gsSP1Triangle(0, 3, 1, 0),
	gsSP1Triangle(1, 3, 4, 0),
	gsSP1Triangle(5, 4, 3, 0),
	gsSP1Triangle(4, 5, 1, 0),
	gsSP1Triangle(5, 2, 1, 0),
	gsSPEndDisplayList(),
};

Vtx yume_hips_mesh_layer_1_vtx_1[70] = {
	{{ {-14, -11, -20}, 0, {84, 892}, {103, 210, 59, 255} }},
	{{ {-9, 18, -7}, 0, {161, 117}, {103, 210, 59, 255} }},
	{{ {-22, -12, -8}, 0, {197, 928}, {103, 210, 59, 255} }},
	{{ {9, 18, -7}, 0, {799, 117}, {103, 46, 198, 255} }},
	{{ {22, -12, -8}, 0, {763, 928}, {103, 46, 198, 255} }},
	{{ {14, -11, -20}, 0, {871, 892}, {103, 46, 198, 255} }},
	{{ {7, -15, 18}, 0, {534, 996}, {171, 232, 164, 255} }},
	{{ {5, 18, 11}, 0, {534, 117}, {171, 232, 164, 255} }},
	{{ {19, -14, 7}, 0, {659, 972}, {171, 232, 164, 255} }},
	{{ {-5, 18, 11}, 0, {426, 117}, {84, 233, 164, 255} }},
	{{ {-7, -15, 18}, 0, {430, 996}, {84, 233, 164, 255} }},
	{{ {-19, -14, 7}, 0, {301, 972}, {84, 233, 164, 255} }},
	{{ {-9, 18, -7}, 0, {161, 117}, {200, 97, 196, 255} }},
	{{ {0, -10, -25}, 0, {-16, 875}, {0, 63, 146, 255} }},
	{{ {-17, -11, -19}, 0, {104, 892}, {215, 58, 150, 255} }},
	{{ {-14, -11, -20}, 0, {84, 892}, {153, 46, 197, 255} }},
	{{ {-22, -12, -8}, 0, {197, 928}, {153, 46, 197, 255} }},
	{{ {-9, 18, -7}, 0, {161, 117}, {153, 46, 197, 255} }},
	{{ {9, 18, -7}, 0, {799, 117}, {153, 210, 58, 255} }},
	{{ {14, -11, -20}, 0, {871, 892}, {153, 210, 58, 255} }},
	{{ {22, -12, -8}, 0, {763, 928}, {153, 210, 58, 255} }},
	{{ {7, -15, 18}, 0, {534, 996}, {85, 24, 92, 255} }},
	{{ {19, -14, 7}, 0, {659, 972}, {85, 24, 92, 255} }},
	{{ {5, 18, 11}, 0, {534, 117}, {85, 24, 92, 255} }},
	{{ {-5, 18, 11}, 0, {426, 117}, {172, 23, 92, 255} }},
	{{ {-19, -14, 7}, 0, {301, 972}, {172, 23, 92, 255} }},
	{{ {-7, -15, 18}, 0, {430, 996}, {172, 23, 92, 255} }},
	{{ {-9, 18, -7}, 0, {161, 117}, {56, 159, 60, 255} }},
	{{ {-17, -11, -19}, 0, {104, 892}, {41, 198, 106, 255} }},
	{{ {0, -10, -25}, 0, {-16, 875}, {0, 193, 110, 255} }},
	{{ {17, -11, -19}, 0, {855, 892}, {41, 58, 150, 255} }},
	{{ {0, -10, -25}, 0, {976, 875}, {0, 63, 146, 255} }},
	{{ {9, 18, -7}, 0, {799, 117}, {56, 97, 196, 255} }},
	{{ {-9, 18, -7}, 0, {1153, 117}, {200, 97, 196, 255} }},
	{{ {0, 22, 4}, 0, {482, 12}, {0, 127, 8, 255} }},
	{{ {10, 18, 6}, 0, {614, 117}, {89, 83, 36, 255} }},
	{{ {5, 18, 11}, 0, {534, 117}, {36, 80, 92, 255} }},
	{{ {-5, 18, 11}, 0, {426, 117}, {220, 80, 92, 255} }},
	{{ {-10, 18, 6}, 0, {345, 117}, {167, 83, 36, 255} }},
	{{ {-9, 18, -7}, 0, {161, 117}, {200, 97, 196, 255} }},
	{{ {-22, -12, -11}, 0, {177, 920}, {136, 39, 16, 255} }},
	{{ {-18, -14, 11}, 0, {329, 980}, {139, 34, 35, 255} }},
	{{ {0, -15, 20}, 0, {482, 1008}, {0, 28, 124, 255} }},
	{{ {-11, -15, 17}, 0, {398, 996}, {226, 27, 121, 255} }},
	{{ {11, -15, 17}, 0, {562, 996}, {30, 27, 121, 255} }},
	{{ {18, -14, 11}, 0, {631, 980}, {117, 34, 35, 255} }},
	{{ {10, 18, 6}, 0, {614, 117}, {89, 83, 36, 255} }},
	{{ {18, -14, 11}, 0, {631, 980}, {117, 34, 35, 255} }},
	{{ {22, -12, -11}, 0, {783, 920}, {120, 39, 16, 255} }},
	{{ {9, 18, -7}, 0, {799, 117}, {56, 97, 196, 255} }},
	{{ {17, -11, -19}, 0, {855, 892}, {215, 198, 106, 255} }},
	{{ {9, 18, -7}, 0, {799, 117}, {200, 159, 60, 255} }},
	{{ {0, -10, -25}, 0, {976, 875}, {0, 193, 110, 255} }},
	{{ {-9, 18, -7}, 0, {1153, 117}, {56, 159, 60, 255} }},
	{{ {0, 22, 4}, 0, {482, 12}, {0, 129, 248, 255} }},
	{{ {10, 18, 6}, 0, {614, 117}, {167, 173, 220, 255} }},
	{{ {22, -12, -11}, 0, {783, 920}, {136, 217, 240, 255} }},
	{{ {18, -14, 11}, 0, {631, 980}, {139, 222, 221, 255} }},
	{{ {5, 18, 11}, 0, {534, 117}, {220, 176, 164, 255} }},
	{{ {-5, 18, 11}, 0, {426, 117}, {36, 176, 164, 255} }},
	{{ {0, -15, 20}, 0, {482, 1008}, {0, 228, 132, 255} }},
	{{ {11, -15, 17}, 0, {562, 996}, {226, 229, 135, 255} }},
	{{ {-11, -15, 17}, 0, {398, 996}, {30, 229, 135, 255} }},
	{{ {-5, 18, 11}, 0, {426, 117}, {36, 176, 164, 255} }},
	{{ {0, -15, 20}, 0, {482, 1008}, {0, 228, 132, 255} }},
	{{ {-10, 18, 6}, 0, {345, 117}, {89, 173, 220, 255} }},
	{{ {-18, -14, 11}, 0, {329, 980}, {117, 222, 221, 255} }},
	{{ {-22, -12, -11}, 0, {177, 920}, {120, 217, 240, 255} }},
	{{ {0, 22, 4}, 0, {482, 12}, {0, 129, 248, 255} }},
	{{ {-9, 18, -7}, 0, {161, 117}, {56, 159, 60, 255} }},
};

Gfx yume_hips_mesh_layer_1_tri_1[] = {
	gsSPVertex(yume_hips_mesh_layer_1_vtx_1 + 0, 15, 0),
	gsSP1Triangle(0, 1, 2, 0),
	gsSP1Triangle(3, 4, 5, 0),
	gsSP1Triangle(6, 7, 8, 0),
	gsSP1Triangle(9, 10, 11, 0),
	gsSP1Triangle(12, 13, 14, 0),
	gsSPVertex(yume_hips_mesh_layer_1_vtx_1 + 15, 15, 0),
	gsSP1Triangle(0, 1, 2, 0),
	gsSP1Triangle(3, 4, 5, 0),
	gsSP1Triangle(6, 7, 8, 0),
	gsSP1Triangle(9, 10, 11, 0),
	gsSP1Triangle(12, 13, 14, 0),
	gsSPVertex(yume_hips_mesh_layer_1_vtx_1 + 30, 16, 0),
	gsSP1Triangle(0, 1, 2, 0),
	gsSP1Triangle(3, 2, 1, 0),
	gsSP1Triangle(4, 2, 3, 0),
	gsSP1Triangle(5, 2, 4, 0),
	gsSP1Triangle(4, 6, 5, 0),
	gsSP1Triangle(4, 7, 6, 0),
	gsSP1Triangle(8, 7, 4, 0),
	gsSP1Triangle(9, 8, 4, 0),
	gsSP1Triangle(8, 9, 10, 0),
	gsSP1Triangle(8, 10, 11, 0),
	gsSP1Triangle(7, 8, 11, 0),
	gsSP1Triangle(6, 7, 12, 0),
	gsSP1Triangle(13, 12, 7, 0),
	gsSP1Triangle(6, 12, 14, 0),
	gsSP1Triangle(5, 6, 15, 0),
	gsSPVertex(yume_hips_mesh_layer_1_vtx_1 + 46, 16, 0),
	gsSP1Triangle(0, 1, 2, 0),
	gsSP1Triangle(3, 0, 2, 0),
	gsSP1Triangle(4, 5, 6, 0),
	gsSP1Triangle(7, 6, 5, 0),
	gsSP1Triangle(8, 7, 5, 0),
	gsSP1Triangle(9, 8, 5, 0),
	gsSP1Triangle(5, 10, 9, 0),
	gsSP1Triangle(9, 10, 11, 0),
	gsSP1Triangle(9, 11, 12, 0),
	gsSP1Triangle(8, 9, 12, 0),
	gsSP1Triangle(8, 12, 13, 0),
	gsSP1Triangle(12, 14, 13, 0),
	gsSP1Triangle(12, 15, 14, 0),
	gsSPVertex(yume_hips_mesh_layer_1_vtx_1 + 62, 8, 0),
	gsSP1Triangle(0, 1, 2, 0),
	gsSP1Triangle(3, 4, 5, 0),
	gsSP1Triangle(1, 4, 3, 0),
	gsSP1Triangle(3, 6, 1, 0),
	gsSP1Triangle(7, 6, 3, 0),
	gsSP1Triangle(3, 5, 7, 0),
	gsSPEndDisplayList(),
};

Vtx yume_chest_mesh_layer_1_vtx_0[36] = {
	{{ {-6, 30, -8}, 0, {10842, -3747}, {211, 13, 138, 255} }},
	{{ {8, 0, -7}, 0, {9055, 1008}, {75, 239, 155, 255} }},
	{{ {-8, 0, -7}, 0, {11111, 1008}, {181, 239, 155, 255} }},
	{{ {6, 30, -8}, 0, {9320, -3747}, {45, 13, 138, 255} }},
	{{ {14, 20, -2}, 0, {8156, -2213}, {118, 243, 210, 255} }},
	{{ {15, 28, 0}, 0, {7963, -3490}, {114, 53, 239, 255} }},
	{{ {9, 31, -3}, 0, {8598, -3879}, {58, 109, 224, 255} }},
	{{ {14, 28, 4}, 0, {7449, -3441}, {87, 62, 69, 255} }},
	{{ {9, 29, 4}, 0, {7309, -3666}, {31, 89, 85, 255} }},
	{{ {6, 27, 6}, 0, {6730, -3261}, {9, 55, 114, 255} }},
	{{ {11, 17, 11}, 0, {6622, -1767}, {77, 13, 100, 255} }},
	{{ {-11, 17, 11}, 0, {3622, -1767}, {179, 13, 100, 255} }},
	{{ {-6, 27, 6}, 0, {3514, -3261}, {247, 55, 114, 255} }},
	{{ {-14, 28, 4}, 0, {2795, -3441}, {169, 62, 69, 255} }},
	{{ {-9, 29, 4}, 0, {2936, -3666}, {225, 89, 85, 255} }},
	{{ {-15, 28, 0}, 0, {2281, -3490}, {142, 53, 239, 255} }},
	{{ {-9, 31, -3}, 0, {1646, -3879}, {198, 109, 224, 255} }},
	{{ {-15, 28, 0}, 0, {2281, -3490}, {142, 53, 239, 255} }},
	{{ {-9, 29, 4}, 0, {2936, -3666}, {225, 89, 85, 255} }},
	{{ {-6, 30, -8}, 0, {924, -3747}, {211, 13, 138, 255} }},
	{{ {-14, 20, -2}, 0, {2088, -2213}, {138, 243, 210, 255} }},
	{{ {-8, 0, -7}, 0, {1189, 1008}, {181, 239, 155, 255} }},
	{{ {-10, -1, 6}, 0, {3281, 1004}, {138, 227, 38, 255} }},
	{{ {-11, 17, 11}, 0, {3622, -1767}, {179, 13, 100, 255} }},
	{{ {-5, -1, 12}, 0, {4405, 1004}, {217, 248, 121, 255} }},
	{{ {5, -1, 12}, 0, {5839, 1004}, {39, 248, 121, 255} }},
	{{ {11, 17, 11}, 0, {6622, -1767}, {77, 13, 100, 255} }},
	{{ {10, -1, 6}, 0, {6967, 1004}, {118, 227, 38, 255} }},
	{{ {14, 20, -2}, 0, {8156, -2213}, {118, 243, 210, 255} }},
	{{ {8, 0, -7}, 0, {9055, 1008}, {75, 239, 155, 255} }},
	{{ {14, 28, 4}, 0, {7449, -3441}, {87, 62, 69, 255} }},
	{{ {15, 28, 0}, 0, {7963, -3490}, {114, 53, 239, 255} }},
	{{ {-14, 28, 4}, 0, {2795, -3441}, {169, 62, 69, 255} }},
	{{ {-15, 28, 0}, 0, {2281, -3490}, {142, 53, 239, 255} }},
	{{ {-14, 20, -2}, 0, {2088, -2213}, {138, 243, 210, 255} }},
	{{ {-11, 17, 11}, 0, {3622, -1767}, {179, 13, 100, 255} }},
};

Gfx yume_chest_mesh_layer_1_tri_0[] = {
	gsSPVertex(yume_chest_mesh_layer_1_vtx_0 + 0, 16, 0),
	gsSP1Triangle(0, 1, 2, 0),
	gsSP1Triangle(3, 1, 0, 0),
	gsSP1Triangle(4, 1, 3, 0),
	gsSP1Triangle(5, 4, 3, 0),
	gsSP1Triangle(3, 6, 5, 0),
	gsSP1Triangle(6, 7, 5, 0),
	gsSP1Triangle(8, 7, 6, 0),
	gsSP1Triangle(7, 8, 9, 0),
	gsSP1Triangle(9, 10, 7, 0),
	gsSP1Triangle(9, 11, 10, 0),
	gsSP1Triangle(12, 11, 9, 0),
	gsSP1Triangle(13, 11, 12, 0),
	gsSP1Triangle(12, 14, 13, 0),
	gsSP1Triangle(14, 15, 13, 0),
	gsSPVertex(yume_chest_mesh_layer_1_vtx_0 + 16, 16, 0),
	gsSP1Triangle(0, 1, 2, 0),
	gsSP1Triangle(1, 0, 3, 0),
	gsSP1Triangle(3, 4, 1, 0),
	gsSP1Triangle(3, 5, 4, 0),
	gsSP1Triangle(4, 5, 6, 0),
	gsSP1Triangle(6, 7, 4, 0),
	gsSP1Triangle(6, 8, 7, 0),
	gsSP1Triangle(9, 7, 8, 0),
	gsSP1Triangle(10, 7, 9, 0),
	gsSP1Triangle(10, 9, 11, 0),
	gsSP1Triangle(12, 10, 11, 0),
	gsSP1Triangle(11, 13, 12, 0),
	gsSP1Triangle(14, 10, 12, 0),
	gsSP1Triangle(12, 15, 14, 0),
	gsSPVertex(yume_chest_mesh_layer_1_vtx_0 + 32, 4, 0),
	gsSP1Triangle(0, 1, 2, 0),
	gsSP1Triangle(2, 3, 0, 0),
	gsSPEndDisplayList(),
};

Vtx yume_chest_mesh_layer_1_vtx_1[12] = {
	{{ {-7, 25, 7}, 0, {40, 1855}, {246, 82, 97, 255} }},
	{{ {-2, 31, 2}, 0, {88, 1815}, {238, 96, 81, 255} }},
	{{ {-13, 26, 4}, 0, {64, 1839}, {227, 102, 69, 255} }},
	{{ {2, 31, 2}, 0, {88, 1815}, {18, 96, 81, 255} }},
	{{ {7, 25, 7}, 0, {40, 1855}, {10, 82, 97, 255} }},
	{{ {13, 26, 4}, 0, {64, 1839}, {29, 102, 69, 255} }},
	{{ {2, 32, -2}, 0, {137, 1807}, {22, 124, 238, 255} }},
	{{ {9, 30, -3}, 0, {153, 1823}, {40, 120, 13, 255} }},
	{{ {7, 29, -7}, 0, {201, 1823}, {20, 117, 210, 255} }},
	{{ {-2, 32, -2}, 0, {137, 1807}, {234, 124, 238, 255} }},
	{{ {-7, 29, -7}, 0, {201, 1823}, {236, 117, 210, 255} }},
	{{ {-9, 30, -3}, 0, {153, 1823}, {216, 120, 13, 255} }},
};

Gfx yume_chest_mesh_layer_1_tri_1[] = {
	gsSPVertex(yume_chest_mesh_layer_1_vtx_1 + 0, 12, 0),
	gsSP1Triangle(0, 1, 2, 0),
	gsSP1Triangle(0, 3, 1, 0),
	gsSP1Triangle(4, 3, 0, 0),
	gsSP1Triangle(5, 3, 4, 0),
	gsSP1Triangle(5, 6, 3, 0),
	gsSP1Triangle(7, 6, 5, 0),
	gsSP1Triangle(8, 6, 7, 0),
	gsSP1Triangle(8, 9, 6, 0),
	gsSP1Triangle(10, 9, 8, 0),
	gsSP1Triangle(11, 9, 10, 0),
	gsSP1Triangle(11, 1, 9, 0),
	gsSP1Triangle(2, 1, 11, 0),
	gsSPEndDisplayList(),
};

Vtx yume_chest_mesh_layer_1_vtx_2[11] = {
	{{ {-1, 24, 8}, 0, {410, 133}, {245, 82, 97, 255} }},
	{{ {-5, 16, 12}, 0, {-16, 839}, {199, 77, 83, 255} }},
	{{ {-2, 16, 15}, 0, {293, 1008}, {202, 78, 85, 255} }},
	{{ {0, 24, 8}, 0, {478, 133}, {0, 81, 98, 255} }},
	{{ {1, 24, 8}, 0, {546, 133}, {11, 82, 97, 255} }},
	{{ {2, 16, 15}, 0, {663, 1008}, {54, 78, 85, 255} }},
	{{ {5, 16, 12}, 0, {976, 839}, {57, 77, 83, 255} }},
	{{ {-1, 24, 8}, 0, {374, 185}, {0, 20, 125, 255} }},
	{{ {2, 26, 8}, 0, {631, 12}, {0, 20, 125, 255} }},
	{{ {-2, 26, 8}, 0, {325, 12}, {0, 20, 125, 255} }},
	{{ {1, 24, 8}, 0, {582, 185}, {0, 20, 125, 255} }},
};

Gfx yume_chest_mesh_layer_1_tri_2[] = {
	gsSPVertex(yume_chest_mesh_layer_1_vtx_2 + 0, 11, 0),
	gsSP1Triangle(0, 1, 2, 0),
	gsSP1Triangle(2, 3, 0, 0),
	gsSP1Triangle(4, 3, 5, 0),
	gsSP1Triangle(5, 6, 4, 0),
	gsSP1Triangle(7, 8, 9, 0),
	gsSP1Triangle(10, 8, 7, 0),
	gsSPEndDisplayList(),
};

Vtx yume_chest_mesh_layer_1_vtx_3[14] = {
	{{ {-14, 29, 4}, 0, {6799, -3084}, {225, 107, 61, 255} }},
	{{ {-8, 20, 11}, 0, {121, -2281}, {231, 65, 106, 255} }},
	{{ {0, 26, 9}, 0, {3393, -1040}, {0, 67, 108, 255} }},
	{{ {-5, 31, 5}, 0, {7003, -1743}, {223, 96, 76, 255} }},
	{{ {-14, 30, -5}, 0, {12437, -3088}, {214, 118, 234, 255} }},
	{{ {-5, 33, -5}, 0, {11537, -1835}, {228, 109, 196, 255} }},
	{{ {-7, 26, -11}, 0, {14517, -2112}, {240, 84, 162, 255} }},
	{{ {5, 33, -5}, 0, {11537, -241}, {28, 109, 196, 255} }},
	{{ {7, 26, -11}, 0, {14517, 32}, {16, 84, 162, 255} }},
	{{ {14, 30, -5}, 0, {12437, 1008}, {42, 118, 234, 255} }},
	{{ {5, 31, 5}, 0, {7003, -333}, {33, 96, 76, 255} }},
	{{ {14, 29, 4}, 0, {6799, 1004}, {31, 107, 61, 255} }},
	{{ {0, 26, 9}, 0, {3393, -1040}, {0, 67, 108, 255} }},
	{{ {8, 20, 11}, 0, {121, 201}, {25, 65, 106, 255} }},
};

Gfx yume_chest_mesh_layer_1_tri_3[] = {
	gsSPVertex(yume_chest_mesh_layer_1_vtx_3 + 0, 14, 0),
	gsSP1Triangle(0, 1, 2, 0),
	gsSP1Triangle(2, 3, 0, 0),
	gsSP1Triangle(4, 0, 3, 0),
	gsSP1Triangle(3, 5, 4, 0),
	gsSP1Triangle(6, 4, 5, 0),
	gsSP1Triangle(5, 7, 6, 0),
	gsSP1Triangle(6, 7, 8, 0),
	gsSP1Triangle(7, 9, 8, 0),
	gsSP1Triangle(9, 7, 10, 0),
	gsSP1Triangle(10, 11, 9, 0),
	gsSP1Triangle(11, 10, 12, 0),
	gsSP1Triangle(12, 13, 11, 0),
	gsSPEndDisplayList(),
};

Vtx yume_arm_l_mesh_layer_1_vtx_0[13] = {
	{{ {1, 30, 0}, 0, {3843, 1008}, {7, 126, 244, 255} }},
	{{ {7, 26, -4}, 0, {1703, 482}, {93, 50, 186, 255} }},
	{{ {-6, 27, -5}, 0, {2767, 482}, {164, 51, 186, 255} }},
	{{ {0, 2, -4}, 0, {2285, -3807}, {228, 193, 149, 255} }},
	{{ {5, 3, -2}, 0, {1795, -3534}, {110, 196, 234, 255} }},
	{{ {6, 27, 2}, 0, {1201, 482}, {90, 57, 70, 255} }},
	{{ {1, 30, 0}, 0, {867, 1008}, {7, 126, 244, 255} }},
	{{ {-3, 28, 6}, 0, {450, 482}, {207, 61, 100, 255} }},
	{{ {1, 4, 4}, 0, {787, -3522}, {21, 200, 112, 255} }},
	{{ {0, 0, -2}, 0, {2277, -4112}, {244, 130, 243, 255} }},
	{{ {1, 4, 4}, 0, {3763, -3522}, {21, 200, 112, 255} }},
	{{ {-3, 3, 1}, 0, {2927, -3594}, {152, 193, 38, 255} }},
	{{ {-3, 28, 6}, 0, {3425, 482}, {207, 61, 100, 255} }},
};

Gfx yume_arm_l_mesh_layer_1_tri_0[] = {
	gsSPVertex(yume_arm_l_mesh_layer_1_vtx_0 + 0, 13, 0),
	gsSP1Triangle(0, 1, 2, 0),
	gsSP1Triangle(1, 3, 2, 0),
	gsSP1Triangle(3, 1, 4, 0),
	gsSP1Triangle(5, 4, 1, 0),
	gsSP1Triangle(1, 6, 5, 0),
	gsSP1Triangle(6, 7, 5, 0),
	gsSP1Triangle(7, 8, 5, 0),
	gsSP1Triangle(4, 5, 8, 0),
	gsSP1Triangle(4, 9, 3, 0),
	gsSP1Triangle(9, 4, 10, 0),
	gsSP1Triangle(11, 9, 10, 0),
	gsSP1Triangle(10, 12, 11, 0),
	gsSP1Triangle(2, 11, 12, 0),
	gsSP1Triangle(12, 0, 2, 0),
	gsSP1Triangle(11, 2, 3, 0),
	gsSP1Triangle(9, 11, 3, 0),
	gsSPEndDisplayList(),
};

Vtx yume_forearm_l_mesh_layer_1_vtx_0[11] = {
	{{ {-3, 1, 6}, 0, {353, -3192}, {206, 206, 106, 255} }},
	{{ {1, 23, 5}, 0, {867, 1008}, {49, 11, 117, 255} }},
	{{ {-6, 22, 3}, 0, {281, 1008}, {143, 24, 52, 255} }},
	{{ {6, 0, 2}, 0, {1301, -3361}, {90, 212, 78, 255} }},
	{{ {6, 23, -2}, 0, {1538, 1008}, {121, 18, 223, 255} }},
	{{ {7, -1, -4}, 0, {1819, -3393}, {93, 202, 188, 255} }},
	{{ {1, -4, 0}, 0, {2478, -4112}, {6, 130, 15, 255} }},
	{{ {-3, 1, 6}, 0, {3329, -3192}, {206, 206, 106, 255} }},
	{{ {-6, -1, -5}, 0, {2699, -3160}, {166, 198, 188, 255} }},
	{{ {-6, 22, 3}, 0, {3257, 1008}, {143, 24, 52, 255} }},
	{{ {0, 22, -4}, 0, {2060, 1008}, {232, 20, 133, 255} }},
};

Gfx yume_forearm_l_mesh_layer_1_tri_0[] = {
	gsSPVertex(yume_forearm_l_mesh_layer_1_vtx_0 + 0, 11, 0),
	gsSP1Triangle(0, 1, 2, 0),
	gsSP1Triangle(1, 0, 3, 0),
	gsSP1Triangle(3, 4, 1, 0),
	gsSP1Triangle(4, 3, 5, 0),
	gsSP1Triangle(6, 5, 3, 0),
	gsSP1Triangle(7, 6, 3, 0),
	gsSP1Triangle(6, 7, 8, 0),
	gsSP1Triangle(9, 8, 7, 0),
	gsSP1Triangle(8, 9, 10, 0),
	gsSP1Triangle(10, 5, 8, 0),
	gsSP1Triangle(5, 10, 4, 0),
	gsSP1Triangle(5, 6, 8, 0),
	gsSPEndDisplayList(),
};

Vtx yume_hand_l_mesh_layer_1_vtx_0[11] = {
	{{ {7, 3, -1}, 0, {16, 1879}, {117, 216, 28, 255} }},
	{{ {1, -4, 3}, 0, {104, 1807}, {30, 224, 119, 255} }},
	{{ {2, -4, -1}, 0, {80, 1807}, {56, 198, 158, 255} }},
	{{ {6, 9, 1}, 0, {32, 1944}, {92, 60, 64, 255} }},
	{{ {9, 11, -6}, 0, {-16, 1960}, {57, 80, 175, 255} }},
	{{ {3, 7, -1}, 0, {64, 1920}, {217, 6, 135, 255} }},
	{{ {-3, -4, 1}, 0, {161, 1807}, {131, 233, 249, 255} }},
	{{ {-7, 8, 0}, 0, {201, 1936}, {132, 0, 228, 255} }},
	{{ {-1, 10, 4}, 0, {129, 1960}, {240, 38, 120, 255} }},
	{{ {2, 17, -3}, 0, {64, 2032}, {44, 106, 201, 255} }},
	{{ {-3, 15, -2}, 0, {145, 2008}, {181, 92, 212, 255} }},
};

Gfx yume_hand_l_mesh_layer_1_tri_0[] = {
	gsSPVertex(yume_hand_l_mesh_layer_1_vtx_0 + 0, 11, 0),
	gsSP1Triangle(0, 1, 2, 0),
	gsSP1Triangle(1, 0, 3, 0),
	gsSP1Triangle(0, 4, 3, 0),
	gsSP1Triangle(4, 0, 2, 0),
	gsSP1Triangle(2, 5, 4, 0),
	gsSP1Triangle(6, 5, 2, 0),
	gsSP1Triangle(5, 6, 7, 0),
	gsSP1Triangle(7, 6, 8, 0),
	gsSP1Triangle(6, 1, 8, 0),
	gsSP1Triangle(1, 3, 8, 0),
	gsSP1Triangle(3, 9, 8, 0),
	gsSP1Triangle(5, 9, 3, 0),
	gsSP1Triangle(4, 5, 3, 0),
	gsSP1Triangle(5, 10, 9, 0),
	gsSP1Triangle(10, 5, 7, 0),
	gsSP1Triangle(8, 10, 7, 0),
	gsSP1Triangle(10, 8, 9, 0),
	gsSPEndDisplayList(),
};

Vtx yume_arm_r_mesh_layer_1_vtx_0[13] = {
	{{ {-1, 30, 0}, 0, {3843, 1008}, {249, 126, 244, 255} }},
	{{ {6, 27, -5}, 0, {2767, 482}, {92, 51, 186, 255} }},
	{{ {-7, 26, -4}, 0, {1703, 482}, {163, 50, 186, 255} }},
	{{ {3, 28, 6}, 0, {3425, 482}, {49, 61, 100, 255} }},
	{{ {3, 3, 1}, 0, {2927, -3594}, {104, 193, 38, 255} }},
	{{ {-1, 4, 4}, 0, {3763, -3522}, {235, 200, 112, 255} }},
	{{ {0, 0, -2}, 0, {2277, -4112}, {12, 130, 243, 255} }},
	{{ {-5, 3, -2}, 0, {1795, -3534}, {146, 196, 234, 255} }},
	{{ {0, 2, -4}, 0, {2285, -3807}, {28, 193, 149, 255} }},
	{{ {-6, 27, 2}, 0, {1201, 482}, {166, 57, 70, 255} }},
	{{ {-1, 4, 4}, 0, {787, -3522}, {235, 200, 112, 255} }},
	{{ {3, 28, 6}, 0, {450, 482}, {49, 61, 100, 255} }},
	{{ {-1, 30, 0}, 0, {867, 1008}, {249, 126, 244, 255} }},
};

Gfx yume_arm_r_mesh_layer_1_tri_0[] = {
	gsSPVertex(yume_arm_r_mesh_layer_1_vtx_0 + 0, 13, 0),
	gsSP1Triangle(0, 1, 2, 0),
	gsSP1Triangle(3, 1, 0, 0),
	gsSP1Triangle(1, 3, 4, 0),
	gsSP1Triangle(5, 4, 3, 0),
	gsSP1Triangle(4, 5, 6, 0),
	gsSP1Triangle(6, 5, 7, 0),
	gsSP1Triangle(7, 8, 6, 0),
	gsSP1Triangle(8, 7, 2, 0),
	gsSP1Triangle(9, 2, 7, 0),
	gsSP1Triangle(7, 10, 9, 0),
	gsSP1Triangle(11, 9, 10, 0),
	gsSP1Triangle(12, 9, 11, 0),
	gsSP1Triangle(2, 9, 12, 0),
	gsSP1Triangle(2, 1, 8, 0),
	gsSP1Triangle(4, 8, 1, 0),
	gsSP1Triangle(6, 8, 4, 0),
	gsSPEndDisplayList(),
};

Vtx yume_forearm_r_mesh_layer_1_vtx_0[11] = {
	{{ {3, 1, 6}, 0, {353, -3192}, {50, 206, 106, 255} }},
	{{ {6, 22, 3}, 0, {281, 1008}, {113, 24, 52, 255} }},
	{{ {-1, 23, 5}, 0, {867, 1008}, {207, 11, 117, 255} }},
	{{ {-6, 0, 2}, 0, {1301, -3361}, {166, 212, 78, 255} }},
	{{ {-6, 23, -2}, 0, {1538, 1008}, {135, 18, 223, 255} }},
	{{ {-7, -1, -4}, 0, {1819, -3393}, {163, 202, 188, 255} }},
	{{ {0, 22, -4}, 0, {2060, 1008}, {24, 20, 133, 255} }},
	{{ {6, -1, -5}, 0, {2699, -3160}, {90, 198, 188, 255} }},
	{{ {6, 22, 3}, 0, {3257, 1008}, {113, 24, 52, 255} }},
	{{ {3, 1, 6}, 0, {3329, -3192}, {50, 206, 106, 255} }},
	{{ {-1, -4, 0}, 0, {2478, -4112}, {250, 130, 15, 255} }},
};

Gfx yume_forearm_r_mesh_layer_1_tri_0[] = {
	gsSPVertex(yume_forearm_r_mesh_layer_1_vtx_0 + 0, 11, 0),
	gsSP1Triangle(0, 1, 2, 0),
	gsSP1Triangle(2, 3, 0, 0),
	gsSP1Triangle(3, 2, 4, 0),
	gsSP1Triangle(4, 5, 3, 0),
	gsSP1Triangle(5, 4, 6, 0),
	gsSP1Triangle(6, 7, 5, 0),
	gsSP1Triangle(7, 6, 8, 0),
	gsSP1Triangle(8, 9, 7, 0),
	gsSP1Triangle(10, 7, 9, 0),
	gsSP1Triangle(9, 3, 10, 0),
	gsSP1Triangle(10, 3, 5, 0),
	gsSP1Triangle(5, 7, 10, 0),
	gsSPEndDisplayList(),
};

Vtx yume_hand_r_mesh_layer_1_vtx_0[11] = {
	{{ {-7, 3, -1}, 0, {16, 1879}, {139, 216, 28, 255} }},
	{{ {-2, -4, -1}, 0, {80, 1807}, {200, 198, 158, 255} }},
	{{ {-1, -4, 3}, 0, {104, 1807}, {226, 224, 119, 255} }},
	{{ {-9, 11, -6}, 0, {-16, 1960}, {199, 80, 175, 255} }},
	{{ {-6, 9, 1}, 0, {32, 1944}, {164, 60, 64, 255} }},
	{{ {1, 10, 4}, 0, {129, 1960}, {16, 38, 120, 255} }},
	{{ {3, -4, 1}, 0, {161, 1807}, {125, 233, 249, 255} }},
	{{ {7, 8, 0}, 0, {201, 1936}, {124, 0, 228, 255} }},
	{{ {-3, 7, -1}, 0, {64, 1920}, {39, 6, 135, 255} }},
	{{ {-2, 17, -3}, 0, {64, 2032}, {212, 106, 201, 255} }},
	{{ {3, 15, -2}, 0, {145, 2008}, {75, 92, 212, 255} }},
};

Gfx yume_hand_r_mesh_layer_1_tri_0[] = {
	gsSPVertex(yume_hand_r_mesh_layer_1_vtx_0 + 0, 11, 0),
	gsSP1Triangle(0, 1, 2, 0),
	gsSP1Triangle(3, 1, 0, 0),
	gsSP1Triangle(0, 4, 3, 0),
	gsSP1Triangle(2, 4, 0, 0),
	gsSP1Triangle(2, 5, 4, 0),
	gsSP1Triangle(6, 5, 2, 0),
	gsSP1Triangle(7, 5, 6, 0),
	gsSP1Triangle(8, 7, 6, 0),
	gsSP1Triangle(6, 1, 8, 0),
	gsSP1Triangle(1, 3, 8, 0),
	gsSP1Triangle(3, 4, 8, 0),
	gsSP1Triangle(8, 4, 9, 0),
	gsSP1Triangle(4, 5, 9, 0),
	gsSP1Triangle(10, 9, 5, 0),
	gsSP1Triangle(5, 7, 10, 0),
	gsSP1Triangle(10, 7, 8, 0),
	gsSP1Triangle(8, 9, 10, 0),
	gsSPEndDisplayList(),
};

Vtx yume_neck_mesh_layer_1_vtx_0[7] = {
	{{ {-5, 1, -4}, 0, {201, 2016}, {155, 15, 181, 255} }},
	{{ {-4, 0, 4}, 0, {-16, 2032}, {179, 4, 101, 255} }},
	{{ {-3, 14, 4}, 0, {-8, 1823}, {157, 29, 74, 255} }},
	{{ {4, 0, 4}, 0, {-16, 2032}, {77, 4, 101, 255} }},
	{{ {3, 14, 4}, 0, {-8, 1823}, {99, 29, 74, 255} }},
	{{ {5, 1, -4}, 0, {201, 2016}, {101, 15, 181, 255} }},
	{{ {0, 15, -3}, 0, {193, 1807}, {0, 61, 145, 255} }},
};

Gfx yume_neck_mesh_layer_1_tri_0[] = {
	gsSPVertex(yume_neck_mesh_layer_1_vtx_0 + 0, 7, 0),
	gsSP1Triangle(0, 1, 2, 0),
	gsSP1Triangle(1, 3, 2, 0),
	gsSP1Triangle(2, 3, 4, 0),
	gsSP1Triangle(4, 3, 5, 0),
	gsSP1Triangle(5, 6, 4, 0),
	gsSP1Triangle(6, 5, 0, 0),
	gsSP1Triangle(2, 6, 0, 0),
	gsSPEndDisplayList(),
};

Vtx yume_head_mesh_layer_1_vtx_0[44] = {
	{{ {-10, 12, 12}, 0, {370, 1301}, {158, 5, 80, 255} }},
	{{ {-12, 32, 9}, 0, {241, 209}, {160, 14, 82, 255} }},
	{{ {-17, 27, -2}, 0, {-16, 450}, {131, 234, 252, 255} }},
	{{ {0, 24, 19}, 0, {996, 635}, {0, 18, 126, 255} }},
	{{ {0, 11, 18}, 0, {996, 1325}, {0, 35, 122, 255} }},
	{{ {-2, 8, 18}, 0, {843, 1526}, {205, 251, 116, 255} }},
	{{ {-10, 6, 13}, 0, {378, 1630}, {158, 222, 73, 255} }},
	{{ {-14, 10, 3}, 0, {169, 1398}, {135, 220, 245, 255} }},
	{{ {-11, 4, 3}, 0, {345, 1727}, {159, 178, 231, 255} }},
	{{ {-3, 1, -5}, 0, {779, 1879}, {214, 162, 182, 255} }},
	{{ {-3, 0, 3}, 0, {827, 1968}, {225, 134, 242, 255} }},
	{{ {4, 1, -5}, 0, {1213, 1879}, {42, 162, 182, 255} }},
	{{ {3, 0, 3}, 0, {1149, 1968}, {30, 133, 242, 255} }},
	{{ {11, 4, 3}, 0, {1638, 1727}, {97, 178, 231, 255} }},
	{{ {14, 10, 3}, 0, {1823, 1398}, {121, 220, 244, 255} }},
	{{ {10, 6, 13}, 0, {1614, 1630}, {98, 222, 73, 255} }},
	{{ {10, 12, 12}, 0, {1622, 1301}, {98, 6, 80, 255} }},
	{{ {10, 6, 13}, 0, {1614, 1630}, {98, 222, 73, 255} }},
	{{ {14, 10, 3}, 0, {1823, 1398}, {121, 220, 244, 255} }},
	{{ {17, 27, -2}, 0, {2000, 450}, {125, 235, 252, 255} }},
	{{ {12, 32, 9}, 0, {1735, 209}, {96, 15, 81, 255} }},
	{{ {0, 24, 19}, 0, {996, 635}, {0, 18, 126, 255} }},
	{{ {0, 35, 14}, 0, {988, 8}, {0, 50, 117, 255} }},
	{{ {-12, 32, 9}, 0, {241, 209}, {160, 14, 82, 255} }},
	{{ {0, 11, 18}, 0, {996, 1325}, {0, 35, 122, 255} }},
	{{ {3, 8, 18}, 0, {1141, 1526}, {51, 251, 116, 255} }},
	{{ {0, 9, 20}, 0, {996, 1454}, {0, 12, 126, 255} }},
	{{ {-2, 8, 18}, 0, {843, 1526}, {205, 251, 116, 255} }},
	{{ {0, 4, 18}, 0, {996, 1743}, {0, 198, 113, 255} }},
	{{ {-10, 6, 13}, 0, {378, 1630}, {158, 222, 73, 255} }},
	{{ {0, -1, 14}, 0, {996, 2032}, {0, 144, 60, 255} }},
	{{ {-8, 2, 12}, 0, {490, 1823}, {179, 165, 43, 255} }},
	{{ {-11, 4, 3}, 0, {345, 1727}, {159, 178, 231, 255} }},
	{{ {-8, 2, 12}, 0, {490, 1823}, {179, 165, 43, 255} }},
	{{ {-10, 6, 13}, 0, {378, 1630}, {158, 222, 73, 255} }},
	{{ {-3, 0, 3}, 0, {827, 1968}, {225, 134, 242, 255} }},
	{{ {0, -1, 14}, 0, {996, 2032}, {0, 144, 60, 255} }},
	{{ {3, 0, 3}, 0, {1149, 1968}, {30, 133, 242, 255} }},
	{{ {8, 2, 12}, 0, {1502, 1823}, {77, 165, 43, 255} }},
	{{ {11, 4, 3}, 0, {1638, 1727}, {97, 178, 231, 255} }},
	{{ {10, 6, 13}, 0, {1614, 1630}, {98, 222, 73, 255} }},
	{{ {0, 4, 18}, 0, {996, 1743}, {0, 198, 113, 255} }},
	{{ {3, 8, 18}, 0, {1141, 1526}, {51, 251, 116, 255} }},
	{{ {10, 12, 12}, 0, {1622, 1301}, {98, 6, 80, 255} }},
};

Gfx yume_head_mesh_layer_1_tri_0[] = {
	gsSPVertex(yume_head_mesh_layer_1_vtx_0 + 0, 16, 0),
	gsSP1Triangle(0, 1, 2, 0),
	gsSP1Triangle(3, 1, 0, 0),
	gsSP1Triangle(0, 4, 3, 0),
	gsSP1Triangle(5, 4, 0, 0),
	gsSP1Triangle(0, 6, 5, 0),
	gsSP1Triangle(7, 6, 0, 0),
	gsSP1Triangle(0, 2, 7, 0),
	gsSP1Triangle(6, 7, 8, 0),
	gsSP1Triangle(9, 8, 7, 0),
	gsSP1Triangle(8, 9, 10, 0),
	gsSP1Triangle(11, 10, 9, 0),
	gsSP1Triangle(12, 10, 11, 0),
	gsSP1Triangle(12, 11, 13, 0),
	gsSP1Triangle(14, 13, 11, 0),
	gsSP1Triangle(13, 14, 15, 0),
	gsSPVertex(yume_head_mesh_layer_1_vtx_0 + 16, 16, 0),
	gsSP1Triangle(0, 1, 2, 0),
	gsSP1Triangle(2, 3, 0, 0),
	gsSP1Triangle(3, 4, 0, 0),
	gsSP1Triangle(5, 0, 4, 0),
	gsSP1Triangle(4, 6, 5, 0),
	gsSP1Triangle(5, 6, 7, 0),
	gsSP1Triangle(5, 8, 0, 0),
	gsSP1Triangle(0, 8, 9, 0),
	gsSP1Triangle(8, 10, 9, 0),
	gsSP1Triangle(11, 10, 8, 0),
	gsSP1Triangle(9, 10, 11, 0),
	gsSP1Triangle(11, 12, 9, 0),
	gsSP1Triangle(12, 11, 13, 0),
	gsSP1Triangle(14, 12, 13, 0),
	gsSP1Triangle(13, 15, 14, 0),
	gsSPVertex(yume_head_mesh_layer_1_vtx_0 + 32, 12, 0),
	gsSP1Triangle(0, 1, 2, 0),
	gsSP1Triangle(3, 1, 0, 0),
	gsSP1Triangle(1, 3, 4, 0),
	gsSP1Triangle(5, 4, 3, 0),
	gsSP1Triangle(4, 5, 6, 0),
	gsSP1Triangle(7, 6, 5, 0),
	gsSP1Triangle(8, 6, 7, 0),
	gsSP1Triangle(4, 6, 8, 0),
	gsSP1Triangle(8, 9, 4, 0),
	gsSP1Triangle(8, 10, 9, 0),
	gsSP1Triangle(10, 8, 11, 0),
	gsSPEndDisplayList(),
};

Vtx yume_head_mesh_layer_1_vtx_1[162] = {
	{{ {-17, 27, 2}, 0, {3241, -1622}, {117, 255, 207, 255} }},
	{{ {-12, 29, 14}, 0, {4927, -1775}, {126, 13, 248, 255} }},
	{{ {-16, -3, 6}, 0, {3859, 390}, {117, 255, 207, 255} }},
	{{ {12, 29, 14}, 0, {8401, -1775}, {103, 41, 62, 255} }},
	{{ {16, -3, 6}, 0, {9469, 390}, {117, 1, 49, 255} }},
	{{ {17, 27, 2}, 0, {10087, -1622}, {117, 1, 49, 255} }},
	{{ {-7, 20, -17}, 0, {13617, -1136}, {0, 0, 127, 255} }},
	{{ {0, -12, -17}, 0, {12878, 1008}, {0, 0, 127, 255} }},
	{{ {7, 20, -17}, 0, {12605, -1136}, {0, 0, 127, 255} }},
	{{ {-17, 27, 2}, 0, {3241, -1622}, {139, 1, 49, 255} }},
	{{ {-16, -3, 6}, 0, {3859, 390}, {139, 1, 49, 255} }},
	{{ {-12, 29, 14}, 0, {4927, -1775}, {130, 243, 8, 255} }},
	{{ {12, 29, 14}, 0, {8401, -1775}, {153, 215, 194, 255} }},
	{{ {17, 27, 2}, 0, {10087, -1622}, {139, 255, 207, 255} }},
	{{ {16, -3, 6}, 0, {9469, 390}, {139, 255, 207, 255} }},
	{{ {-7, 20, -17}, 0, {13617, -1136}, {0, 0, 129, 255} }},
	{{ {7, 20, -17}, 0, {12605, -1136}, {0, 0, 129, 255} }},
	{{ {0, -12, -17}, 0, {12878, 1008}, {0, 0, 129, 255} }},
	{{ {17, 27, -2}, 0, {10509, 229}, {125, 235, 252, 255} }},
	{{ {14, 10, 3}, 0, {9859, 695}, {121, 220, 244, 255} }},
	{{ {8, 24, -15}, 0, {12417, 309}, {59, 203, 157, 255} }},
	{{ {4, 1, -5}, 0, {12320, 936}, {42, 162, 182, 255} }},
	{{ {-8, 24, -15}, 0, {13806, 309}, {196, 202, 158, 255} }},
	{{ {-3, 1, -5}, 0, {13850, 936}, {214, 162, 182, 255} }},
	{{ {-8, 24, -15}, 0, {912, 309}, {196, 202, 158, 255} }},
	{{ {-14, 10, 3}, 0, {3470, 695}, {135, 220, 245, 255} }},
	{{ {-17, 27, -2}, 0, {2819, 229}, {131, 234, 252, 255} }},
	{{ {-3, 1, -5}, 0, {956, 936}, {214, 162, 182, 255} }},
	{{ {-12, 29, 14}, 0, {4927, -1775}, {153, 41, 62, 255} }},
	{{ {-13, 19, 13}, 0, {4795, -1128}, {165, 2, 89, 255} }},
	{{ {-8, 32, 18}, 0, {5714, -1960}, {196, 77, 82, 255} }},
	{{ {-10, 35, 8}, 0, {4502, -2180}, {183, 99, 33, 255} }},
	{{ {-12, 29, 14}, 0, {4927, -1775}, {153, 41, 62, 255} }},
	{{ {-8, 32, 18}, 0, {5714, -1960}, {196, 77, 82, 255} }},
	{{ {0, 39, 10}, 0, {6666, -2429}, {0, 121, 37, 255} }},
	{{ {0, 33, 20}, 0, {6666, -2052}, {0, 101, 77, 255} }},
	{{ {-7, 22, 22}, 0, {5899, -1325}, {221, 46, 113, 255} }},
	{{ {8, 32, 18}, 0, {7618, -1960}, {58, 92, 66, 255} }},
	{{ {7, 27, 25}, 0, {7333, -1606}, {35, 97, 74, 255} }},
	{{ {10, 35, 8}, 0, {8831, -2180}, {73, 99, 33, 255} }},
	{{ {12, 29, 14}, 0, {8401, -1775}, {103, 41, 62, 255} }},
	{{ {13, 19, 13}, 0, {8533, -1128}, {91, 2, 89, 255} }},
	{{ {18, 26, 7}, 0, {9437, -1546}, {115, 51, 18, 255} }},
	{{ {16, 32, -3}, 0, {10666, -1976}, {103, 73, 239, 255} }},
	{{ {19, 20, -1}, 0, {10401, -1173}, {126, 9, 240, 255} }},
	{{ {20, -4, 4}, 0, {9826, 430}, {106, 244, 188, 255} }},
	{{ {14, 2, -2}, 0, {10626, 20}, {122, 224, 240, 255} }},
	{{ {16, 1, -7}, 0, {11119, 129}, {124, 229, 250, 255} }},
	{{ {19, 20, -1}, 0, {10401, -1173}, {126, 9, 240, 255} }},
	{{ {14, 2, -2}, 0, {10626, 20}, {122, 224, 240, 255} }},
	{{ {14, -3, -5}, 0, {11071, 422}, {111, 218, 49, 255} }},
	{{ {15, 24, -13}, 0, {11670, -1421}, {94, 28, 175, 255} }},
	{{ {16, 32, -3}, 0, {10666, -1976}, {103, 73, 239, 255} }},
	{{ {6, 39, -6}, 0, {11963, -2470}, {45, 113, 219, 255} }},
	{{ {0, 32, -16}, 0, {12878, -1992}, {0, 70, 150, 255} }},
	{{ {0, 19, -21}, 0, {12878, -1072}, {0, 10, 129, 255} }},
	{{ {8, -2, -15}, 0, {12465, 353}, {61, 239, 146, 255} }},
	{{ {13, -1, -11}, 0, {11710, 257}, {98, 235, 178, 255} }},
	{{ {12, -6, -10}, 0, {11694, 586}, {113, 222, 208, 255} }},
	{{ {7, -8, -14}, 0, {12433, 755}, {73, 228, 156, 255} }},
	{{ {2, -11, -16}, 0, {13091, 920}, {44, 241, 138, 255} }},
	{{ {-18, 26, 7}, 0, {3891, -1546}, {141, 51, 18, 255} }},
	{{ {-12, 29, 14}, 0, {4927, -1775}, {153, 41, 62, 255} }},
	{{ {-10, 35, 8}, 0, {4502, -2180}, {183, 99, 33, 255} }},
	{{ {-16, 32, -3}, 0, {2662, -1976}, {153, 73, 239, 255} }},
	{{ {-6, 39, -6}, 0, {1365, -2470}, {211, 113, 219, 255} }},
	{{ {0, 39, 10}, 0, {6666, -2429}, {0, 121, 37, 255} }},
	{{ {-15, 24, -13}, 0, {1659, -1421}, {162, 28, 175, 255} }},
	{{ {-19, 20, -1}, 0, {2927, -1173}, {130, 9, 240, 255} }},
	{{ {-16, 1, -7}, 0, {2209, 129}, {132, 229, 250, 255} }},
	{{ {-13, -1, -11}, 0, {1622, 257}, {158, 235, 178, 255} }},
	{{ {-8, -2, -15}, 0, {867, 353}, {195, 239, 146, 255} }},
	{{ {0, 19, -21}, 0, {-16, -1072}, {0, 10, 129, 255} }},
	{{ {0, 32, -16}, 0, {-16, -1992}, {0, 70, 150, 255} }},
	{{ {-2, -11, -16}, 0, {237, 920}, {212, 241, 138, 255} }},
	{{ {-12, -6, -10}, 0, {1638, 586}, {143, 222, 208, 255} }},
	{{ {-7, -8, -14}, 0, {896, 755}, {183, 228, 156, 255} }},
	{{ {16, 32, -3}, 0, {10666, -1976}, {103, 73, 239, 255} }},
	{{ {6, 39, -6}, 0, {11963, -2470}, {45, 113, 219, 255} }},
	{{ {10, 35, 8}, 0, {8831, -2180}, {73, 99, 33, 255} }},
	{{ {0, 39, 10}, 0, {6666, -2429}, {0, 121, 37, 255} }},
	{{ {-6, 39, -6}, 0, {14264, -2470}, {211, 113, 219, 255} }},
	{{ {0, 32, -16}, 0, {12878, -1992}, {0, 70, 150, 255} }},
	{{ {-16, 32, -3}, 0, {2662, -1976}, {153, 73, 239, 255} }},
	{{ {-19, 20, -1}, 0, {2927, -1173}, {130, 9, 240, 255} }},
	{{ {-18, 26, 7}, 0, {3891, -1546}, {141, 51, 18, 255} }},
	{{ {-20, -4, 4}, 0, {3502, 430}, {150, 244, 188, 255} }},
	{{ {-14, 2, -2}, 0, {2707, 20}, {134, 224, 240, 255} }},
	{{ {-16, 1, -7}, 0, {2209, 129}, {132, 229, 250, 255} }},
	{{ {-14, -3, -5}, 0, {2257, 422}, {145, 218, 49, 255} }},
	{{ {-12, 29, 14}, 0, {4927, -1775}, {103, 215, 194, 255} }},
	{{ {-8, 32, 18}, 0, {5714, -1960}, {60, 179, 174, 255} }},
	{{ {-13, 19, 13}, 0, {4795, -1128}, {91, 254, 167, 255} }},
	{{ {-10, 35, 8}, 0, {4502, -2180}, {73, 157, 223, 255} }},
	{{ {-8, 32, 18}, 0, {5714, -1960}, {60, 179, 174, 255} }},
	{{ {-12, 29, 14}, 0, {4927, -1775}, {103, 215, 194, 255} }},
	{{ {-18, 26, 7}, 0, {3891, -1546}, {115, 205, 238, 255} }},
	{{ {-16, 32, -3}, 0, {2662, -1976}, {103, 183, 17, 255} }},
	{{ {-19, 20, -1}, 0, {2927, -1173}, {126, 247, 16, 255} }},
	{{ {-20, -4, 4}, 0, {3502, 430}, {106, 12, 68, 255} }},
	{{ {-14, 2, -2}, 0, {2707, 20}, {122, 32, 16, 255} }},
	{{ {-16, 1, -7}, 0, {2209, 129}, {124, 27, 6, 255} }},
	{{ {-14, -3, -5}, 0, {2257, 422}, {111, 38, 207, 255} }},
	{{ {-15, 24, -13}, 0, {1659, -1421}, {94, 228, 81, 255} }},
	{{ {-13, -1, -11}, 0, {1622, 257}, {98, 21, 78, 255} }},
	{{ {-12, -6, -10}, 0, {1638, 586}, {113, 34, 48, 255} }},
	{{ {-8, -2, -15}, 0, {867, 353}, {61, 17, 110, 255} }},
	{{ {-7, -8, -14}, 0, {896, 755}, {73, 28, 100, 255} }},
	{{ {0, 19, -21}, 0, {-16, -1072}, {0, 246, 127, 255} }},
	{{ {-15, 24, -13}, 0, {1659, -1421}, {94, 228, 81, 255} }},
	{{ {0, 19, -21}, 0, {-16, -1072}, {0, 246, 127, 255} }},
	{{ {0, 32, -16}, 0, {-16, -1992}, {0, 186, 106, 255} }},
	{{ {-6, 39, -6}, 0, {1365, -2470}, {45, 143, 37, 255} }},
	{{ {-16, 32, -3}, 0, {2662, -1976}, {103, 183, 17, 255} }},
	{{ {-10, 35, 8}, 0, {4502, -2180}, {73, 157, 223, 255} }},
	{{ {0, 39, 10}, 0, {6666, -2429}, {0, 135, 219, 255} }},
	{{ {-8, 32, 18}, 0, {5714, -1960}, {60, 179, 174, 255} }},
	{{ {0, 33, 20}, 0, {6666, -2052}, {0, 155, 179, 255} }},
	{{ {8, 32, 18}, 0, {7618, -1960}, {198, 164, 190, 255} }},
	{{ {10, 35, 8}, 0, {8831, -2180}, {183, 157, 223, 255} }},
	{{ {6, 39, -6}, 0, {11963, -2470}, {211, 143, 37, 255} }},
	{{ {-6, 39, -6}, 0, {14264, -2470}, {45, 143, 37, 255} }},
	{{ {0, 32, -16}, 0, {12878, -1992}, {0, 186, 106, 255} }},
	{{ {15, 24, -13}, 0, {11670, -1421}, {162, 228, 81, 255} }},
	{{ {0, 19, -21}, 0, {12878, -1072}, {0, 246, 127, 255} }},
	{{ {15, 24, -13}, 0, {11670, -1421}, {162, 228, 81, 255} }},
	{{ {0, 19, -21}, 0, {12878, -1072}, {0, 246, 127, 255} }},
	{{ {8, -2, -15}, 0, {12465, 353}, {195, 17, 110, 255} }},
	{{ {2, -11, -16}, 0, {13091, 920}, {212, 15, 118, 255} }},
	{{ {13, -1, -11}, 0, {11710, 257}, {158, 21, 78, 255} }},
	{{ {7, -8, -14}, 0, {12433, 755}, {183, 28, 100, 255} }},
	{{ {16, 1, -7}, 0, {11119, 129}, {132, 27, 6, 255} }},
	{{ {19, 20, -1}, 0, {10401, -1173}, {130, 247, 16, 255} }},
	{{ {14, 2, -2}, 0, {10626, 20}, {134, 32, 16, 255} }},
	{{ {14, -3, -5}, 0, {11071, 422}, {145, 38, 207, 255} }},
	{{ {20, -4, 4}, 0, {9826, 430}, {150, 12, 68, 255} }},
	{{ {18, 26, 7}, 0, {9437, -1546}, {141, 205, 238, 255} }},
	{{ {16, 32, -3}, 0, {10666, -1976}, {153, 183, 17, 255} }},
	{{ {10, 35, 8}, 0, {8831, -2180}, {183, 157, 223, 255} }},
	{{ {12, 29, 14}, 0, {8401, -1775}, {153, 215, 194, 255} }},
	{{ {8, 32, 18}, 0, {7618, -1960}, {198, 164, 190, 255} }},
	{{ {8, 32, 18}, 0, {7618, -1960}, {198, 164, 190, 255} }},
	{{ {12, 29, 14}, 0, {8401, -1775}, {153, 215, 194, 255} }},
	{{ {13, 19, 13}, 0, {8533, -1128}, {165, 254, 167, 255} }},
	{{ {16, 32, -3}, 0, {10666, -1976}, {153, 183, 17, 255} }},
	{{ {10, 35, 8}, 0, {8831, -2180}, {183, 157, 223, 255} }},
	{{ {6, 39, -6}, 0, {11963, -2470}, {211, 143, 37, 255} }},
	{{ {15, 24, -13}, 0, {11670, -1421}, {162, 228, 81, 255} }},
	{{ {19, 20, -1}, 0, {10401, -1173}, {130, 247, 16, 255} }},
	{{ {-8, 32, 18}, 0, {5714, -1960}, {60, 179, 174, 255} }},
	{{ {0, 33, 20}, 0, {6666, -2052}, {0, 155, 179, 255} }},
	{{ {-7, 22, 22}, 0, {5899, -1325}, {35, 210, 143, 255} }},
	{{ {7, 27, 25}, 0, {7333, -1606}, {221, 159, 182, 255} }},
	{{ {16, 1, -7}, 0, {11119, 129}, {132, 27, 6, 255} }},
	{{ {13, -1, -11}, 0, {11710, 257}, {158, 21, 78, 255} }},
	{{ {12, -6, -10}, 0, {11694, 586}, {143, 34, 48, 255} }},
	{{ {-15, 24, -13}, 0, {1659, -1421}, {94, 228, 81, 255} }},
	{{ {-16, 32, -3}, 0, {2662, -1976}, {103, 183, 17, 255} }},
	{{ {-19, 20, -1}, 0, {2927, -1173}, {126, 247, 16, 255} }},
	{{ {-2, -11, -16}, 0, {237, 920}, {44, 15, 118, 255} }},
	{{ {0, 19, -21}, 0, {-16, -1072}, {0, 246, 127, 255} }},
	{{ {-8, -2, -15}, 0, {867, 353}, {61, 17, 110, 255} }},
};

Gfx yume_head_mesh_layer_1_tri_1[] = {
	gsSPVertex(yume_head_mesh_layer_1_vtx_1 + 0, 15, 0),
	gsSP1Triangle(0, 1, 2, 0),
	gsSP1Triangle(3, 4, 5, 0),
	gsSP1Triangle(6, 7, 8, 0),
	gsSP1Triangle(9, 10, 11, 0),
	gsSP1Triangle(12, 13, 14, 0),
	gsSPVertex(yume_head_mesh_layer_1_vtx_1 + 15, 16, 0),
	gsSP1Triangle(0, 1, 2, 0),
	gsSP1Triangle(3, 4, 5, 0),
	gsSP1Triangle(6, 5, 4, 0),
	gsSP1Triangle(5, 6, 7, 0),
	gsSP1Triangle(7, 6, 8, 0),
	gsSP1Triangle(9, 10, 11, 0),
	gsSP1Triangle(10, 9, 12, 0),
	gsSP1Triangle(13, 14, 15, 0),
	gsSPVertex(yume_head_mesh_layer_1_vtx_1 + 31, 16, 0),
	gsSP1Triangle(0, 1, 2, 0),
	gsSP1Triangle(3, 0, 2, 0),
	gsSP1Triangle(2, 4, 3, 0),
	gsSP1Triangle(2, 5, 4, 0),
	gsSP1Triangle(3, 4, 6, 0),
	gsSP1Triangle(4, 7, 6, 0),
	gsSP1Triangle(6, 8, 3, 0),
	gsSP1Triangle(6, 9, 8, 0),
	gsSP1Triangle(6, 10, 9, 0),
	gsSP1Triangle(8, 9, 11, 0),
	gsSP1Triangle(12, 8, 11, 0),
	gsSP1Triangle(11, 13, 12, 0),
	gsSP1Triangle(13, 11, 14, 0),
	gsSP1Triangle(14, 15, 13, 0),
	gsSPVertex(yume_head_mesh_layer_1_vtx_1 + 47, 14, 0),
	gsSP1Triangle(0, 1, 2, 0),
	gsSP1Triangle(3, 0, 2, 0),
	gsSP1Triangle(4, 1, 0, 0),
	gsSP1Triangle(5, 1, 4, 0),
	gsSP1Triangle(6, 5, 4, 0),
	gsSP1Triangle(4, 7, 6, 0),
	gsSP1Triangle(8, 7, 4, 0),
	gsSP1Triangle(4, 9, 8, 0),
	gsSP1Triangle(9, 4, 10, 0),
	gsSP1Triangle(0, 10, 4, 0),
	gsSP1Triangle(0, 11, 10, 0),
	gsSP1Triangle(12, 9, 10, 0),
	gsSP1Triangle(8, 9, 13, 0),
	gsSPVertex(yume_head_mesh_layer_1_vtx_1 + 61, 16, 0),
	gsSP1Triangle(0, 1, 2, 0),
	gsSP1Triangle(0, 2, 3, 0),
	gsSP1Triangle(2, 4, 3, 0),
	gsSP1Triangle(5, 4, 2, 0),
	gsSP1Triangle(6, 3, 4, 0),
	gsSP1Triangle(6, 7, 3, 0),
	gsSP1Triangle(8, 7, 6, 0),
	gsSP1Triangle(6, 9, 8, 0),
	gsSP1Triangle(9, 6, 10, 0),
	gsSP1Triangle(11, 10, 6, 0),
	gsSP1Triangle(6, 12, 11, 0),
	gsSP1Triangle(4, 12, 6, 0),
	gsSP1Triangle(13, 10, 11, 0),
	gsSP1Triangle(9, 14, 8, 0),
	gsSP1Triangle(15, 9, 10, 0),
	gsSPVertex(yume_head_mesh_layer_1_vtx_1 + 77, 16, 0),
	gsSP1Triangle(0, 1, 2, 0),
	gsSP1Triangle(2, 1, 3, 0),
	gsSP1Triangle(3, 1, 4, 0),
	gsSP1Triangle(4, 1, 5, 0),
	gsSP1Triangle(6, 7, 8, 0),
	gsSP1Triangle(9, 8, 7, 0),
	gsSP1Triangle(7, 10, 9, 0),
	gsSP1Triangle(10, 7, 11, 0),
	gsSP1Triangle(12, 10, 11, 0),
	gsSP1Triangle(13, 14, 15, 0),
	gsSPVertex(yume_head_mesh_layer_1_vtx_1 + 93, 16, 0),
	gsSP1Triangle(0, 1, 2, 0),
	gsSP1Triangle(3, 0, 2, 0),
	gsSP1Triangle(3, 4, 0, 0),
	gsSP1Triangle(4, 3, 5, 0),
	gsSP1Triangle(6, 5, 3, 0),
	gsSP1Triangle(5, 6, 7, 0),
	gsSP1Triangle(7, 8, 5, 0),
	gsSP1Triangle(9, 8, 7, 0),
	gsSP1Triangle(8, 10, 5, 0),
	gsSP1Triangle(10, 8, 11, 0),
	gsSP1Triangle(11, 8, 12, 0),
	gsSP1Triangle(11, 13, 10, 0),
	gsSP1Triangle(14, 13, 11, 0),
	gsSP1Triangle(15, 10, 13, 0),
	gsSPVertex(yume_head_mesh_layer_1_vtx_1 + 109, 16, 0),
	gsSP1Triangle(0, 1, 2, 0),
	gsSP1Triangle(3, 0, 2, 0),
	gsSP1Triangle(0, 3, 4, 0),
	gsSP1Triangle(5, 4, 3, 0),
	gsSP1Triangle(6, 5, 3, 0),
	gsSP1Triangle(6, 7, 5, 0),
	gsSP1Triangle(7, 6, 8, 0),
	gsSP1Triangle(6, 9, 8, 0),
	gsSP1Triangle(9, 6, 10, 0),
	gsSP1Triangle(10, 6, 11, 0),
	gsSP1Triangle(6, 12, 11, 0),
	gsSP1Triangle(12, 13, 11, 0),
	gsSP1Triangle(14, 11, 13, 0),
	gsSP1Triangle(15, 14, 13, 0),
	gsSPVertex(yume_head_mesh_layer_1_vtx_1 + 125, 16, 0),
	gsSP1Triangle(0, 1, 2, 0),
	gsSP1Triangle(1, 3, 2, 0),
	gsSP1Triangle(2, 4, 0, 0),
	gsSP1Triangle(5, 4, 2, 0),
	gsSP1Triangle(6, 0, 4, 0),
	gsSP1Triangle(0, 6, 7, 0),
	gsSP1Triangle(6, 8, 7, 0),
	gsSP1Triangle(9, 8, 6, 0),
	gsSP1Triangle(10, 7, 8, 0),
	gsSP1Triangle(7, 10, 11, 0),
	gsSP1Triangle(11, 12, 7, 0),
	gsSP1Triangle(12, 11, 13, 0),
	gsSP1Triangle(13, 11, 14, 0),
	gsSP1Triangle(15, 13, 14, 0),
	gsSPVertex(yume_head_mesh_layer_1_vtx_1 + 141, 15, 0),
	gsSP1Triangle(0, 1, 2, 0),
	gsSP1Triangle(3, 4, 5, 0),
	gsSP1Triangle(5, 6, 3, 0),
	gsSP1Triangle(3, 6, 7, 0),
	gsSP1Triangle(8, 9, 10, 0),
	gsSP1Triangle(9, 0, 11, 0),
	gsSP1Triangle(12, 13, 14, 0),
	gsSPVertex(yume_head_mesh_layer_1_vtx_1 + 156, 6, 0),
	gsSP1Triangle(0, 1, 2, 0),
	gsSP1Triangle(3, 4, 5, 0),
	gsSPEndDisplayList(),
};

Vtx yume_head_mesh_layer_1_vtx_2[40] = {
	{{ {0, 40, 9}, 0, {1727, -16}, {31, 185, 155, 255} }},
	{{ {-15, 31, 12}, 0, {-16, 711}, {16, 186, 151, 255} }},
	{{ {-12, 48, 1}, 0, {4080, 570}, {16, 186, 151, 255} }},
	{{ {0, 40, 9}, 0, {1727, -16}, {225, 185, 155, 255} }},
	{{ {12, 48, 1}, 0, {4080, -602}, {240, 186, 151, 255} }},
	{{ {15, 31, 12}, 0, {-16, -743}, {240, 186, 151, 255} }},
	{{ {0, 40, 9}, 0, {1727, -16}, {225, 71, 101, 255} }},
	{{ {-12, 48, 1}, 0, {4080, 570}, {240, 70, 105, 255} }},
	{{ {-15, 31, 12}, 0, {-16, 711}, {240, 70, 105, 255} }},
	{{ {0, 40, 9}, 0, {1727, -16}, {31, 71, 101, 255} }},
	{{ {15, 31, 12}, 0, {-16, -743}, {16, 70, 105, 255} }},
	{{ {12, 48, 1}, 0, {4080, -602}, {16, 70, 105, 255} }},
	{{ {-1, 41, 9}, 0, {1936, 52}, {0, 127, 3, 255} }},
	{{ {0, 32, 11}, 0, {418, -16}, {0, 24, 125, 255} }},
	{{ {1, 41, 9}, 0, {1936, -84}, {0, 127, 3, 255} }},
	{{ {0, 32, 7}, 0, {952, -16}, {0, 29, 132, 255} }},
	{{ {-21, 36, -3}, 0, {2795, 1008}, {172, 68, 67, 255} }},
	{{ {-18, 26, 5}, 0, {398, 855}, {151, 16, 69, 255} }},
	{{ {-13, 34, 11}, 0, {643, 610}, {185, 80, 68, 255} }},
	{{ {-11, 41, 0}, 0, {3108, 502}, {208, 102, 58, 255} }},
	{{ {0, 40, 9}, 0, {1727, -16}, {0, 109, 65, 255} }},
	{{ {13, 34, 11}, 0, {643, -642}, {71, 80, 68, 255} }},
	{{ {18, 26, 5}, 0, {398, -887}, {105, 16, 69, 255} }},
	{{ {21, 36, -3}, 0, {2795, -1040}, {84, 68, 67, 255} }},
	{{ {11, 41, 0}, 0, {3108, -534}, {48, 102, 58, 255} }},
	{{ {0, 40, 9}, 0, {1727, -16}, {0, 109, 65, 255} }},
	{{ {-1, 41, 9}, 0, {1936, 52}, {0, 129, 253, 255} }},
	{{ {1, 41, 9}, 0, {1936, -84}, {0, 129, 253, 255} }},
	{{ {0, 32, 11}, 0, {418, -16}, {0, 232, 131, 255} }},
	{{ {0, 32, 7}, 0, {952, -16}, {0, 227, 124, 255} }},
	{{ {-21, 36, -3}, 0, {2795, 1008}, {84, 188, 189, 255} }},
	{{ {-13, 34, 11}, 0, {643, 610}, {71, 176, 188, 255} }},
	{{ {-18, 26, 5}, 0, {398, 855}, {105, 240, 187, 255} }},
	{{ {-11, 41, 0}, 0, {3108, 502}, {48, 154, 198, 255} }},
	{{ {0, 40, 9}, 0, {1727, -16}, {0, 147, 191, 255} }},
	{{ {13, 34, 11}, 0, {643, -642}, {185, 176, 188, 255} }},
	{{ {21, 36, -3}, 0, {2795, -1040}, {172, 188, 189, 255} }},
	{{ {18, 26, 5}, 0, {398, -887}, {151, 240, 187, 255} }},
	{{ {11, 41, 0}, 0, {3108, -534}, {208, 154, 198, 255} }},
	{{ {0, 40, 9}, 0, {1727, -16}, {0, 147, 191, 255} }},
};

Gfx yume_head_mesh_layer_1_tri_2[] = {
	gsSPVertex(yume_head_mesh_layer_1_vtx_2 + 0, 16, 0),
	gsSP1Triangle(0, 1, 2, 0),
	gsSP1Triangle(3, 4, 5, 0),
	gsSP1Triangle(6, 7, 8, 0),
	gsSP1Triangle(9, 10, 11, 0),
	gsSP1Triangle(12, 13, 14, 0),
	gsSP1Triangle(14, 15, 12, 0),
	gsSPVertex(yume_head_mesh_layer_1_vtx_2 + 16, 14, 0),
	gsSP1Triangle(0, 1, 2, 0),
	gsSP1Triangle(2, 3, 0, 0),
	gsSP1Triangle(2, 4, 3, 0),
	gsSP1Triangle(5, 6, 7, 0),
	gsSP1Triangle(7, 8, 5, 0),
	gsSP1Triangle(8, 9, 5, 0),
	gsSP1Triangle(10, 11, 12, 0),
	gsSP1Triangle(11, 10, 13, 0),
	gsSPVertex(yume_head_mesh_layer_1_vtx_2 + 30, 10, 0),
	gsSP1Triangle(0, 1, 2, 0),
	gsSP1Triangle(1, 0, 3, 0),
	gsSP1Triangle(1, 3, 4, 0),
	gsSP1Triangle(5, 6, 7, 0),
	gsSP1Triangle(6, 5, 8, 0),
	gsSP1Triangle(8, 5, 9, 0),
	gsSPEndDisplayList(),
};

Vtx yume_thigh_l_mesh_layer_1_vtx_0[9] = {
	{{ {0, 38, -5}, 0, {169, 2016}, {2, 56, 142, 255} }},
	{{ {5, 0, -5}, 0, {201, 1815}, {84, 5, 160, 255} }},
	{{ {-5, -1, -5}, 0, {201, 1807}, {166, 5, 167, 255} }},
	{{ {4, 39, -1}, 0, {88, 2016}, {112, 60, 0, 255} }},
	{{ {0, 41, -1}, 0, {88, 2032}, {0, 127, 251, 255} }},
	{{ {-4, 39, -1}, 0, {88, 2016}, {144, 60, 252, 255} }},
	{{ {-5, 0, 6}, 0, {-16, 1807}, {158, 11, 80, 255} }},
	{{ {0, 39, 3}, 0, {16, 2016}, {254, 65, 109, 255} }},
	{{ {5, 2, 6}, 0, {-16, 1815}, {86, 11, 93, 255} }},
};

Gfx yume_thigh_l_mesh_layer_1_tri_0[] = {
	gsSPVertex(yume_thigh_l_mesh_layer_1_vtx_0 + 0, 9, 0),
	gsSP1Triangle(0, 1, 2, 0),
	gsSP1Triangle(0, 3, 1, 0),
	gsSP1Triangle(3, 0, 4, 0),
	gsSP1Triangle(4, 0, 5, 0),
	gsSP1Triangle(2, 5, 0, 0),
	gsSP1Triangle(5, 2, 6, 0),
	gsSP1Triangle(6, 7, 5, 0),
	gsSP1Triangle(7, 6, 8, 0),
	gsSP1Triangle(8, 3, 7, 0),
	gsSP1Triangle(3, 8, 1, 0),
	gsSP1Triangle(4, 7, 3, 0),
	gsSP1Triangle(5, 7, 4, 0),
	gsSPEndDisplayList(),
};

Vtx yume_shin_l_mesh_layer_1_vtx_0[9] = {
	{{ {-5, 32, 7}, 0, {-16, 1984}, {180, 63, 80, 255} }},
	{{ {-4, 0, -1}, 0, {56, 1815}, {144, 197, 248, 255} }},
	{{ {0, 0, 3}, 0, {-8, 1815}, {254, 185, 105, 255} }},
	{{ {-5, 33, -3}, 0, {153, 1984}, {183, 78, 187, 255} }},
	{{ {5, 33, -3}, 0, {153, 1984}, {75, 78, 190, 255} }},
	{{ {5, 32, 8}, 0, {-16, 1984}, {73, 63, 83, 255} }},
	{{ {4, 0, -1}, 0, {56, 1815}, {112, 197, 252, 255} }},
	{{ {0, -3, -1}, 0, {56, 1807}, {0, 130, 242, 255} }},
	{{ {0, 0, -5}, 0, {121, 1815}, {2, 207, 139, 255} }},
};

Gfx yume_shin_l_mesh_layer_1_tri_0[] = {
	gsSPVertex(yume_shin_l_mesh_layer_1_vtx_0 + 0, 9, 0),
	gsSP1Triangle(0, 1, 2, 0),
	gsSP1Triangle(1, 0, 3, 0),
	gsSP1Triangle(0, 4, 3, 0),
	gsSP1Triangle(5, 4, 0, 0),
	gsSP1Triangle(2, 5, 0, 0),
	gsSP1Triangle(2, 6, 5, 0),
	gsSP1Triangle(6, 2, 7, 0),
	gsSP1Triangle(7, 2, 1, 0),
	gsSP1Triangle(1, 8, 7, 0),
	gsSP1Triangle(3, 8, 1, 0),
	gsSP1Triangle(8, 3, 4, 0),
	gsSP1Triangle(4, 6, 8, 0),
	gsSP1Triangle(6, 4, 5, 0),
	gsSP1Triangle(7, 8, 6, 0),
	gsSPEndDisplayList(),
};

Vtx yume_foot_l_mesh_layer_1_vtx_0[25] = {
	{{ {4, 12, 6}, 0, {201, 233}, {197, 31, 108, 255} }},
	{{ {4, 18, 5}, 0, {-16, 233}, {197, 31, 108, 255} }},
	{{ {-3, 14, 2}, 0, {129, 80}, {197, 31, 108, 255} }},
	{{ {-5, 18, 4}, 0, {-16, 8}, {56, 31, 110, 255} }},
	{{ {-5, 12, 6}, 0, {201, 8}, {56, 31, 110, 255} }},
	{{ {1, 14, 2}, 0, {129, 169}, {56, 31, 110, 255} }},
	{{ {6, 5, 6}, 0, {1309, 32}, {87, 92, 4, 255} }},
	{{ {5, -4, 5}, 0, {1839, 40}, {86, 166, 23, 255} }},
	{{ {7, -6, -8}, 0, {1976, 2008}, {80, 184, 189, 255} }},
	{{ {-8, -6, -9}, 0, {1976, 2008}, {175, 185, 189, 255} }},
	{{ {-5, -4, 5}, 0, {1839, 40}, {173, 164, 28, 255} }},
	{{ {-6, 5, 5}, 0, {1309, 32}, {172, 95, 9, 255} }},
	{{ {-6, 4, -8}, 0, {1365, 2008}, {190, 80, 183, 255} }},
	{{ {5, 4, -8}, 0, {1365, 2008}, {66, 80, 183, 255} }},
	{{ {7, 21, -7}, 0, {353, 2016}, {94, 59, 195, 255} }},
	{{ {7, 7, -8}, 0, {1197, 2016}, {89, 215, 175, 255} }},
	{{ {-10, 7, -8}, 0, {1197, 2016}, {165, 210, 181, 255} }},
	{{ {6, 15, 3}, 0, {683, 594}, {87, 24, 90, 255} }},
	{{ {-1, 24, 5}, 0, {193, 418}, {253, 71, 105, 255} }},
	{{ {-2, 28, -4}, 0, {-16, 1614}, {254, 125, 235, 255} }},
	{{ {-10, 21, -7}, 0, {353, 2016}, {161, 57, 194, 255} }},
	{{ {-8, 15, 3}, 0, {683, 594}, {169, 16, 91, 255} }},
	{{ {-6, 4, 5}, 0, {1357, 185}, {190, 199, 93, 255} }},
	{{ {0, 0, -2}, 0, {1630, 1116}, {2, 131, 236, 255} }},
	{{ {6, 4, 5}, 0, {1357, 185}, {75, 203, 88, 255} }},
};

Gfx yume_foot_l_mesh_layer_1_tri_0[] = {
	gsSPVertex(yume_foot_l_mesh_layer_1_vtx_0 + 0, 14, 0),
	gsSP1Triangle(0, 1, 2, 0),
	gsSP1Triangle(3, 4, 5, 0),
	gsSP1Triangle(6, 7, 8, 0),
	gsSP1Triangle(9, 8, 7, 0),
	gsSP1Triangle(7, 10, 9, 0),
	gsSP1Triangle(9, 10, 11, 0),
	gsSP1Triangle(11, 12, 9, 0),
	gsSP1Triangle(13, 12, 11, 0),
	gsSP1Triangle(11, 6, 13, 0),
	gsSP1Triangle(8, 13, 6, 0),
	gsSP1Triangle(13, 8, 9, 0),
	gsSP1Triangle(9, 12, 13, 0),
	gsSPVertex(yume_foot_l_mesh_layer_1_vtx_0 + 14, 11, 0),
	gsSP1Triangle(0, 1, 2, 0),
	gsSP1Triangle(1, 0, 3, 0),
	gsSP1Triangle(4, 3, 0, 0),
	gsSP1Triangle(0, 5, 4, 0),
	gsSP1Triangle(6, 5, 0, 0),
	gsSP1Triangle(2, 6, 0, 0),
	gsSP1Triangle(7, 6, 2, 0),
	gsSP1Triangle(2, 8, 7, 0),
	gsSP1Triangle(9, 8, 2, 0),
	gsSP1Triangle(2, 1, 9, 0),
	gsSP1Triangle(9, 1, 10, 0),
	gsSP1Triangle(3, 10, 1, 0),
	gsSP1Triangle(10, 3, 7, 0),
	gsSP1Triangle(3, 4, 7, 0),
	gsSP1Triangle(6, 7, 4, 0),
	gsSP1Triangle(4, 5, 6, 0),
	gsSP1Triangle(7, 8, 10, 0),
	gsSP1Triangle(10, 8, 9, 0),
	gsSPEndDisplayList(),
};

Vtx yume_thigh_r_mesh_layer_1_vtx_0[9] = {
	{{ {5, -1, -5}, 0, {201, 1807}, {90, 5, 167, 255} }},
	{{ {-5, 0, -5}, 0, {201, 1815}, {172, 5, 160, 255} }},
	{{ {0, 38, -5}, 0, {169, 2016}, {254, 56, 142, 255} }},
	{{ {-4, 39, -1}, 0, {88, 2016}, {144, 60, 0, 255} }},
	{{ {-5, 2, 6}, 0, {-16, 1815}, {170, 11, 93, 255} }},
	{{ {0, 39, 3}, 0, {16, 2016}, {2, 65, 109, 255} }},
	{{ {5, 0, 6}, 0, {-16, 1807}, {98, 11, 80, 255} }},
	{{ {4, 39, -1}, 0, {88, 2016}, {112, 60, 252, 255} }},
	{{ {0, 41, -1}, 0, {88, 2032}, {0, 127, 251, 255} }},
};

Gfx yume_thigh_r_mesh_layer_1_tri_0[] = {
	gsSPVertex(yume_thigh_r_mesh_layer_1_vtx_0 + 0, 9, 0),
	gsSP1Triangle(0, 1, 2, 0),
	gsSP1Triangle(1, 3, 2, 0),
	gsSP1Triangle(1, 4, 3, 0),
	gsSP1Triangle(5, 3, 4, 0),
	gsSP1Triangle(4, 6, 5, 0),
	gsSP1Triangle(7, 5, 6, 0),
	gsSP1Triangle(6, 0, 7, 0),
	gsSP1Triangle(2, 7, 0, 0),
	gsSP1Triangle(7, 2, 8, 0),
	gsSP1Triangle(8, 2, 3, 0),
	gsSP1Triangle(3, 5, 8, 0),
	gsSP1Triangle(8, 5, 7, 0),
	gsSPEndDisplayList(),
};

Vtx yume_shin_r_mesh_layer_1_vtx_0[9] = {
	{{ {0, 0, 3}, 0, {-8, 1815}, {2, 185, 105, 255} }},
	{{ {4, 0, -1}, 0, {56, 1815}, {112, 197, 248, 255} }},
	{{ {5, 32, 7}, 0, {-16, 1984}, {76, 63, 80, 255} }},
	{{ {0, -3, -1}, 0, {56, 1807}, {0, 130, 242, 255} }},
	{{ {-4, 0, -1}, 0, {56, 1815}, {144, 197, 252, 255} }},
	{{ {-5, 32, 8}, 0, {-16, 1984}, {183, 63, 83, 255} }},
	{{ {5, 33, -3}, 0, {153, 1984}, {73, 78, 187, 255} }},
	{{ {0, 0, -5}, 0, {121, 1815}, {254, 207, 139, 255} }},
	{{ {-5, 33, -3}, 0, {153, 1984}, {181, 78, 190, 255} }},
};

Gfx yume_shin_r_mesh_layer_1_tri_0[] = {
	gsSPVertex(yume_shin_r_mesh_layer_1_vtx_0 + 0, 9, 0),
	gsSP1Triangle(0, 1, 2, 0),
	gsSP1Triangle(1, 0, 3, 0),
	gsSP1Triangle(3, 0, 4, 0),
	gsSP1Triangle(5, 4, 0, 0),
	gsSP1Triangle(2, 5, 0, 0),
	gsSP1Triangle(2, 6, 5, 0),
	gsSP1Triangle(6, 2, 1, 0),
	gsSP1Triangle(1, 7, 6, 0),
	gsSP1Triangle(3, 7, 1, 0),
	gsSP1Triangle(4, 7, 3, 0),
	gsSP1Triangle(7, 4, 8, 0),
	gsSP1Triangle(5, 8, 4, 0),
	gsSP1Triangle(5, 6, 8, 0),
	gsSP1Triangle(8, 6, 7, 0),
	gsSPEndDisplayList(),
};

Vtx yume_foot_r_mesh_layer_1_vtx_0[25] = {
	{{ {3, 14, 2}, 0, {129, 169}, {59, 31, 108, 255} }},
	{{ {-4, 18, 5}, 0, {-16, 8}, {59, 31, 108, 255} }},
	{{ {-4, 12, 6}, 0, {201, 8}, {59, 31, 108, 255} }},
	{{ {-1, 14, 2}, 0, {129, 80}, {200, 31, 110, 255} }},
	{{ {5, 12, 6}, 0, {201, 233}, {200, 31, 110, 255} }},
	{{ {5, 18, 4}, 0, {-16, 233}, {200, 31, 110, 255} }},
	{{ {-7, -6, -8}, 0, {1976, 2008}, {176, 184, 189, 255} }},
	{{ {-5, -4, 5}, 0, {1839, 40}, {170, 166, 23, 255} }},
	{{ {-6, 5, 6}, 0, {1309, 32}, {169, 92, 4, 255} }},
	{{ {8, -6, -9}, 0, {1976, 2008}, {81, 185, 189, 255} }},
	{{ {-5, 4, -8}, 0, {1365, 2008}, {190, 80, 183, 255} }},
	{{ {6, 5, 5}, 0, {1309, 32}, {84, 95, 9, 255} }},
	{{ {6, 4, -8}, 0, {1365, 2008}, {66, 80, 183, 255} }},
	{{ {5, -4, 5}, 0, {1839, 40}, {83, 164, 28, 255} }},
	{{ {10, 7, -8}, 0, {1197, 2016}, {91, 210, 181, 255} }},
	{{ {-7, 7, -8}, 0, {1197, 2016}, {167, 215, 175, 255} }},
	{{ {-7, 21, -7}, 0, {353, 2016}, {162, 59, 195, 255} }},
	{{ {0, 0, -2}, 0, {1630, 1116}, {254, 131, 236, 255} }},
	{{ {6, 4, 5}, 0, {1357, 185}, {66, 199, 93, 255} }},
	{{ {8, 15, 3}, 0, {683, 594}, {87, 16, 91, 255} }},
	{{ {10, 21, -7}, 0, {353, 2016}, {95, 57, 194, 255} }},
	{{ {2, 28, -4}, 0, {-16, 1614}, {2, 125, 235, 255} }},
	{{ {1, 24, 5}, 0, {193, 418}, {3, 71, 105, 255} }},
	{{ {-6, 15, 3}, 0, {683, 594}, {169, 24, 90, 255} }},
	{{ {-6, 4, 5}, 0, {1357, 185}, {181, 203, 88, 255} }},
};

Gfx yume_foot_r_mesh_layer_1_tri_0[] = {
	gsSPVertex(yume_foot_r_mesh_layer_1_vtx_0 + 0, 14, 0),
	gsSP1Triangle(0, 1, 2, 0),
	gsSP1Triangle(3, 4, 5, 0),
	gsSP1Triangle(6, 7, 8, 0),
	gsSP1Triangle(7, 6, 9, 0),
	gsSP1Triangle(9, 6, 10, 0),
	gsSP1Triangle(8, 10, 6, 0),
	gsSP1Triangle(10, 8, 11, 0),
	gsSP1Triangle(11, 12, 10, 0),
	gsSP1Triangle(9, 12, 11, 0),
	gsSP1Triangle(11, 13, 9, 0),
	gsSP1Triangle(9, 13, 7, 0),
	gsSP1Triangle(10, 12, 9, 0),
	gsSPVertex(yume_foot_r_mesh_layer_1_vtx_0 + 14, 11, 0),
	gsSP1Triangle(0, 1, 2, 0),
	gsSP1Triangle(3, 1, 0, 0),
	gsSP1Triangle(0, 4, 3, 0),
	gsSP1Triangle(5, 4, 0, 0),
	gsSP1Triangle(0, 6, 5, 0),
	gsSP1Triangle(2, 6, 0, 0),
	gsSP1Triangle(2, 7, 6, 0),
	gsSP1Triangle(8, 7, 2, 0),
	gsSP1Triangle(2, 9, 8, 0),
	gsSP1Triangle(9, 2, 1, 0),
	gsSP1Triangle(1, 10, 9, 0),
	gsSP1Triangle(10, 1, 3, 0),
	gsSP1Triangle(3, 4, 10, 0),
	gsSP1Triangle(10, 4, 5, 0),
	gsSP1Triangle(5, 9, 10, 0),
	gsSP1Triangle(5, 8, 9, 0),
	gsSP1Triangle(8, 5, 6, 0),
	gsSP1Triangle(6, 7, 8, 0),
	gsSPEndDisplayList(),
};


Gfx mat_yume__615006[] = {
	gsSPSetLights1(yume__615006_lights),
	gsDPPipeSync(),
	gsDPSetCombineLERP(TEXEL0, 0, SHADE, 0, 0, 0, 0, ENVIRONMENT, TEXEL0, 0, SHADE, 0, 0, 0, 0, ENVIRONMENT),
	gsDPSetTextureLUT(G_TT_RGBA16),
	gsSPTexture(65535, 65535, 0, 0, 1),
	gsDPSetTextureImage(G_IM_FMT_RGBA, G_IM_SIZ_16b, 1, yume__615006_pal_rgba16),
	gsDPSetTile(0, 0, 0, 256, 5, 0, G_TX_WRAP | G_TX_NOMIRROR, 0, 0, G_TX_WRAP | G_TX_NOMIRROR, 0, 0),
	gsDPLoadTLUTCmd(5, 16),
	gsDPSetTextureImage(G_IM_FMT_CI, G_IM_SIZ_8b_LOAD_BLOCK, 1, yume__615006_ci8),
	gsDPSetTile(G_IM_FMT_CI, G_IM_SIZ_8b_LOAD_BLOCK, 0, 0, 7, 0, G_TX_WRAP | G_TX_NOMIRROR, 0, 0, G_TX_WRAP | G_TX_NOMIRROR, 0, 0),
	gsDPLoadBlock(7, 0, 0, 511, 512),
	gsDPSetTile(G_IM_FMT_CI, G_IM_SIZ_8b, 4, 0, 0, 0, G_TX_WRAP | G_TX_NOMIRROR, 5, 0, G_TX_WRAP | G_TX_NOMIRROR, 5, 0),
	gsDPSetTileSize(0, 0, 0, 124, 124),
	gsSPEndDisplayList(),
};

Gfx mat_revert_yume__615006[] = {
	gsDPPipeSync(),
	gsDPSetTextureLUT(G_TT_NONE),
	gsSPEndDisplayList(),
};

Gfx mat_yume__611034[] = {
	gsSPSetLights1(yume__611034_lights),
	gsDPPipeSync(),
	gsDPSetCombineLERP(TEXEL0, 0, SHADE, 0, 0, 0, 0, ENVIRONMENT, TEXEL0, 0, SHADE, 0, 0, 0, 0, ENVIRONMENT),
	gsDPSetTextureLUT(G_TT_RGBA16),
	gsSPTexture(65535, 65535, 0, 0, 1),
	gsDPSetTextureImage(G_IM_FMT_RGBA, G_IM_SIZ_16b, 1, yume_611034_pal_rgba16),
	gsDPSetTile(0, 0, 0, 256, 5, 0, G_TX_WRAP | G_TX_NOMIRROR, 0, 0, G_TX_WRAP | G_TX_NOMIRROR, 0, 0),
	gsDPLoadTLUTCmd(5, 8),
	gsDPSetTextureImage(G_IM_FMT_CI, G_IM_SIZ_16b, 1, yume_611034_ci4),
	gsDPSetTile(G_IM_FMT_CI, G_IM_SIZ_16b, 0, 0, 7, 0, G_TX_WRAP | G_TX_NOMIRROR, 0, 0, G_TX_WRAP | G_TX_NOMIRROR, 0, 0),
	gsDPLoadBlock(7, 0, 0, 255, 1024),
	gsDPSetTile(G_IM_FMT_CI, G_IM_SIZ_4b, 2, 0, 0, 0, G_TX_WRAP | G_TX_NOMIRROR, 5, 0, G_TX_WRAP | G_TX_NOMIRROR, 5, 0),
	gsDPSetTileSize(0, 0, 0, 124, 124),
	gsSPEndDisplayList(),
};

Gfx mat_revert_yume__611034[] = {
	gsDPPipeSync(),
	gsDPSetTextureLUT(G_TT_NONE),
	gsSPEndDisplayList(),
};

Gfx mat_yume__611025[] = {
	gsSPSetLights1(yume__611025_lights),
	gsDPPipeSync(),
	gsDPSetCombineLERP(TEXEL0, 0, SHADE, 0, 0, 0, 0, ENVIRONMENT, TEXEL0, 0, SHADE, 0, 0, 0, 0, ENVIRONMENT),
	gsDPSetTextureLUT(G_TT_RGBA16),
	gsSPTexture(65535, 65535, 0, 0, 1),
	gsDPSetTextureImage(G_IM_FMT_RGBA, G_IM_SIZ_16b, 1, yume__6110252_16_pal_rgba16),
	gsDPSetTile(0, 0, 0, 256, 5, 0, G_TX_WRAP | G_TX_NOMIRROR, 0, 0, G_TX_WRAP | G_TX_NOMIRROR, 0, 0),
	gsDPLoadTLUTCmd(5, 12),
	gsDPSetTextureImage(G_IM_FMT_CI, G_IM_SIZ_16b, 1, yume__6110252_16_ci4),
	gsDPSetTile(G_IM_FMT_CI, G_IM_SIZ_16b, 0, 0, 7, 0, G_TX_WRAP | G_TX_NOMIRROR, 0, 0, G_TX_WRAP | G_TX_NOMIRROR, 0, 0),
	gsDPLoadBlock(7, 0, 0, 1023, 512),
	gsDPSetTile(G_IM_FMT_CI, G_IM_SIZ_4b, 4, 0, 0, 0, G_TX_WRAP | G_TX_NOMIRROR, 6, 0, G_TX_WRAP | G_TX_NOMIRROR, 6, 0),
	gsDPSetTileSize(0, 0, 0, 252, 252),
	gsSPEndDisplayList(),
};

Gfx mat_revert_yume__611025[] = {
	gsDPPipeSync(),
	gsDPSetTextureLUT(G_TT_NONE),
	gsSPEndDisplayList(),
};

Gfx mat_yume__615008[] = {
	gsSPSetLights1(yume__615008_lights),
	gsDPPipeSync(),
	gsDPSetCombineLERP(TEXEL0, 0, SHADE, 0, 0, 0, 0, ENVIRONMENT, TEXEL0, 0, SHADE, 0, 0, 0, 0, ENVIRONMENT),
	gsDPSetTextureLUT(G_TT_RGBA16),
	gsSPTexture(65535, 65535, 0, 0, 1),
	gsDPSetTextureImage(G_IM_FMT_RGBA, G_IM_SIZ_16b, 1, yume_615008_pal_rgba16),
	gsDPSetTile(0, 0, 0, 256, 5, 0, G_TX_WRAP | G_TX_NOMIRROR, 0, 0, G_TX_WRAP | G_TX_NOMIRROR, 0, 0),
	gsDPLoadTLUTCmd(5, 5),
	gsDPSetTextureImage(G_IM_FMT_CI, G_IM_SIZ_16b, 1, yume_615008_ci4),
	gsDPSetTile(G_IM_FMT_CI, G_IM_SIZ_16b, 0, 0, 7, 0, G_TX_WRAP | G_TX_NOMIRROR, 0, 0, G_TX_WRAP | G_TX_NOMIRROR, 0, 0),
	gsDPLoadBlock(7, 0, 0, 255, 1024),
	gsDPSetTile(G_IM_FMT_CI, G_IM_SIZ_4b, 2, 0, 0, 0, G_TX_WRAP | G_TX_NOMIRROR, 5, 0, G_TX_WRAP | G_TX_NOMIRROR, 5, 0),
	gsDPSetTileSize(0, 0, 0, 124, 124),
	gsSPEndDisplayList(),
};

Gfx mat_revert_yume__615008[] = {
	gsDPPipeSync(),
	gsDPSetTextureLUT(G_TT_NONE),
	gsSPEndDisplayList(),
};

Gfx mat_yume__615005[] = {
	gsSPSetLights1(yume__615005_lights),
	gsDPPipeSync(),
	gsDPSetCombineLERP(TEXEL0, 0, SHADE, 0, 0, 0, 0, ENVIRONMENT, TEXEL0, 0, SHADE, 0, 0, 0, 0, ENVIRONMENT),
	gsDPSetTextureLUT(G_TT_RGBA16),
	gsSPTexture(65535, 65535, 0, 0, 1),
	gsDPSetTextureImage(G_IM_FMT_RGBA, G_IM_SIZ_16b, 1, yume_615005_pal_rgba16),
	gsDPSetTile(0, 0, 0, 256, 5, 0, G_TX_WRAP | G_TX_NOMIRROR, 0, 0, G_TX_WRAP | G_TX_NOMIRROR, 0, 0),
	gsDPLoadTLUTCmd(5, 8),
	gsDPSetTextureImage(G_IM_FMT_CI, G_IM_SIZ_16b, 1, yume_615005_ci4),
	gsDPSetTile(G_IM_FMT_CI, G_IM_SIZ_16b, 0, 0, 7, 0, G_TX_WRAP | G_TX_NOMIRROR, 0, 0, G_TX_WRAP | G_TX_NOMIRROR, 0, 0),
	gsDPLoadBlock(7, 0, 0, 255, 1024),
	gsDPSetTile(G_IM_FMT_CI, G_IM_SIZ_4b, 2, 0, 0, 0, G_TX_WRAP | G_TX_NOMIRROR, 5, 0, G_TX_WRAP | G_TX_NOMIRROR, 5, 0),
	gsDPSetTileSize(0, 0, 0, 124, 124),
	gsSPEndDisplayList(),
};

Gfx mat_revert_yume__615005[] = {
	gsDPPipeSync(),
	gsDPSetTextureLUT(G_TT_NONE),
	gsSPEndDisplayList(),
};

Gfx mat_yume__611030[] = {
	gsSPSetLights1(yume__611030_lights),
	gsDPPipeSync(),
	gsDPSetCombineLERP(TEXEL0, 0, SHADE, 0, 0, 0, 0, ENVIRONMENT, TEXEL0, 0, SHADE, 0, 0, 0, 0, ENVIRONMENT),
	gsDPSetTextureLUT(G_TT_RGBA16),
	gsSPTexture(65535, 65535, 0, 0, 1),
	gsDPSetTextureImage(G_IM_FMT_RGBA, G_IM_SIZ_16b, 1, yume__611030_pal_rgba16),
	gsDPSetTile(0, 0, 0, 256, 5, 0, G_TX_WRAP | G_TX_NOMIRROR, 0, 0, G_TX_WRAP | G_TX_NOMIRROR, 0, 0),
	gsDPLoadTLUTCmd(5, 14),
	gsDPSetTextureImage(G_IM_FMT_CI, G_IM_SIZ_16b, 1, yume__611030_ci4),
	gsDPSetTile(G_IM_FMT_CI, G_IM_SIZ_16b, 0, 0, 7, 0, G_TX_WRAP | G_TX_NOMIRROR, 0, 0, G_TX_WRAP | G_TX_NOMIRROR, 0, 0),
	gsDPLoadBlock(7, 0, 0, 1023, 512),
	gsDPSetTile(G_IM_FMT_CI, G_IM_SIZ_4b, 4, 0, 0, 0, G_TX_WRAP | G_TX_NOMIRROR, 6, 0, G_TX_WRAP | G_TX_NOMIRROR, 6, 0),
	gsDPSetTileSize(0, 0, 0, 252, 252),
	gsSPEndDisplayList(),
};

Gfx mat_revert_yume__611030[] = {
	gsDPPipeSync(),
	gsDPSetTextureLUT(G_TT_NONE),
	gsSPEndDisplayList(),
};

Gfx yume_hips_mesh_layer_1[] = {
	gsSPDisplayList(mat_yume__615006),
	gsSPDisplayList(yume_hips_mesh_layer_1_tri_0),
	gsSPDisplayList(mat_revert_yume__615006),
	gsSPDisplayList(mat_yume__611034),
	gsSPDisplayList(yume_hips_mesh_layer_1_tri_1),
	gsSPDisplayList(mat_revert_yume__611034),
	gsSPEndDisplayList(),
};

Gfx yume_chest_mesh_layer_1[] = {
	gsSPDisplayList(mat_yume__611034),
	gsSPDisplayList(yume_chest_mesh_layer_1_tri_0),
	gsSPDisplayList(mat_revert_yume__611034),
	gsSPDisplayList(mat_yume__611025),
	gsSPDisplayList(yume_chest_mesh_layer_1_tri_1),
	gsSPDisplayList(mat_revert_yume__611025),
	gsSPDisplayList(mat_yume__615008),
	gsSPDisplayList(yume_chest_mesh_layer_1_tri_2),
	gsSPDisplayList(mat_revert_yume__615008),
	gsSPDisplayList(mat_yume__615006),
	gsSPDisplayList(yume_chest_mesh_layer_1_tri_3),
	gsSPDisplayList(mat_revert_yume__615006),
	gsSPEndDisplayList(),
};

Gfx yume_arm_l_mesh_layer_1[] = {
	gsSPDisplayList(mat_yume__611034),
	gsSPDisplayList(yume_arm_l_mesh_layer_1_tri_0),
	gsSPDisplayList(mat_revert_yume__611034),
	gsSPEndDisplayList(),
};

Gfx yume_forearm_l_mesh_layer_1[] = {
	gsSPDisplayList(mat_yume__611034),
	gsSPDisplayList(yume_forearm_l_mesh_layer_1_tri_0),
	gsSPDisplayList(mat_revert_yume__611034),
	gsSPEndDisplayList(),
};

Gfx yume_hand_l_mesh_layer_1[] = {
	gsSPDisplayList(mat_yume__611025),
	gsSPDisplayList(yume_hand_l_mesh_layer_1_tri_0),
	gsSPDisplayList(mat_revert_yume__611025),
	gsSPEndDisplayList(),
};

Gfx yume_arm_r_mesh_layer_1[] = {
	gsSPDisplayList(mat_yume__611034),
	gsSPDisplayList(yume_arm_r_mesh_layer_1_tri_0),
	gsSPDisplayList(mat_revert_yume__611034),
	gsSPEndDisplayList(),
};

Gfx yume_forearm_r_mesh_layer_1[] = {
	gsSPDisplayList(mat_yume__611034),
	gsSPDisplayList(yume_forearm_r_mesh_layer_1_tri_0),
	gsSPDisplayList(mat_revert_yume__611034),
	gsSPEndDisplayList(),
};

Gfx yume_hand_r_mesh_layer_1[] = {
	gsSPDisplayList(mat_yume__611025),
	gsSPDisplayList(yume_hand_r_mesh_layer_1_tri_0),
	gsSPDisplayList(mat_revert_yume__611025),
	gsSPEndDisplayList(),
};

Gfx yume_neck_mesh_layer_1[] = {
	gsSPDisplayList(mat_yume__611025),
	gsSPDisplayList(yume_neck_mesh_layer_1_tri_0),
	gsSPDisplayList(mat_revert_yume__611025),
	gsSPEndDisplayList(),
};

Gfx yume_head_mesh_layer_1[] = {
	gsSPDisplayList(mat_yume__611025),
	gsSPDisplayList(yume_head_mesh_layer_1_tri_0),
	gsSPDisplayList(mat_revert_yume__611025),
	gsSPDisplayList(mat_yume__615005),
	gsSPDisplayList(yume_head_mesh_layer_1_tri_1),
	gsSPDisplayList(mat_revert_yume__615005),
	gsSPDisplayList(mat_yume__615006),
	gsSPDisplayList(yume_head_mesh_layer_1_tri_2),
	gsSPDisplayList(mat_revert_yume__615006),
	gsSPEndDisplayList(),
};

Gfx yume_thigh_l_mesh_layer_1[] = {
	gsSPDisplayList(mat_yume__611025),
	gsSPDisplayList(yume_thigh_l_mesh_layer_1_tri_0),
	gsSPDisplayList(mat_revert_yume__611025),
	gsSPEndDisplayList(),
};

Gfx yume_shin_l_mesh_layer_1[] = {
	gsSPDisplayList(mat_yume__611025),
	gsSPDisplayList(yume_shin_l_mesh_layer_1_tri_0),
	gsSPDisplayList(mat_revert_yume__611025),
	gsSPEndDisplayList(),
};

Gfx yume_foot_l_mesh_layer_1[] = {
	gsSPDisplayList(mat_yume__611030),
	gsSPDisplayList(yume_foot_l_mesh_layer_1_tri_0),
	gsSPDisplayList(mat_revert_yume__611030),
	gsSPEndDisplayList(),
};

Gfx yume_thigh_r_mesh_layer_1[] = {
	gsSPDisplayList(mat_yume__611025),
	gsSPDisplayList(yume_thigh_r_mesh_layer_1_tri_0),
	gsSPDisplayList(mat_revert_yume__611025),
	gsSPEndDisplayList(),
};

Gfx yume_shin_r_mesh_layer_1[] = {
	gsSPDisplayList(mat_yume__611025),
	gsSPDisplayList(yume_shin_r_mesh_layer_1_tri_0),
	gsSPDisplayList(mat_revert_yume__611025),
	gsSPEndDisplayList(),
};

Gfx yume_foot_r_mesh_layer_1[] = {
	gsSPDisplayList(mat_yume__611030),
	gsSPDisplayList(yume_foot_r_mesh_layer_1_tri_0),
	gsSPDisplayList(mat_revert_yume__611030),
	gsDPPipeSync(),
	gsSPSetGeometryMode(G_LIGHTING),
	gsSPClearGeometryMode(G_TEXTURE_GEN),
	gsDPSetCombineLERP(0, 0, 0, SHADE, 0, 0, 0, ENVIRONMENT, 0, 0, 0, SHADE, 0, 0, 0, ENVIRONMENT),
	gsSPTexture(65535, 65535, 0, 0, 0),
	gsDPSetEnvColor(255, 255, 255, 255),
	gsDPSetAlphaCompare(G_AC_NONE),
	gsSPEndDisplayList(),
};

